,sentence,label
0,watching for bounce tomorrow,2
1,record number of passengers served in 2015,2
2,out $NFLX -.35,0
3,Looking for a strong bounce Lunchtime rally coming,2
4,Very intrigued with the technology and growth potential,2
5,short worked puts up,1
6,overbought,0
7,absolute garbage still up stores TOTALLY EMPTY stock mispriced,0
8,Biggest Market Losers,0
9,Love this company long time.,2
10,$GOOG $GOOGL would suck,0
11,who won't pay anymore REAL risk,0
12,No edge offered,2
13,runs into the 50sma on the acquisition news,2
14,t can't go down,2
15,now seems like its helping the downtrend,0
16,mastered their supply chain,2
17,Most bullish stocks on Twitter during this dip,2
18,big dumping would not touch it for a while,0
19,trade continuing very nicely from yesterday looking very strong here,2
20,in from 3.61,2
21,Stochastic Overbought,0
22,Unusual call buying,2
23,reserves are in decline,2
24,"all on a longer-term, technical swing long basis.",2
25,Insiders Are Selling,0
26,What goes up...,0
27,if $249.84 breaks we see $245 then $240,0
28,let's see a big bounce,2
29,I don't think it will move $FB in the short term,0
30,above 2.25 and it could get going?,2
31,Hold,2
32,may feed off $TSLA momentum run lately.,2
33,possible double bottom set up,2
34,trading at all-time high strong earnings report,2
35,If positive outcome w/ lung study5/8 we may see a 13D Filing by Soros,2
36,Put the chum out there at key support then next level down careful,0
37,"#Tesla: Great Company, Bad #Stock $TSLA",0
38,Good idea buy half this and half BAC?,2
39,Alibaba IPO hoopla canâ€™t hide risk of Chinese stocks,0
40,"all on a longer-term, technical swing long basis.",2
41,on the fence with this one,1
42,stay long Apple,2
43,looks like drought conditions in soil already,0
44,Unusual Call Activity,2
45,$MDXG lower,0
46,Biggest Market Losers,0
47,hip sinking?,0
48,Can't imagine shorts wanting to go into the weekend without taking care of their position,2
49,nice volume watch 330 resistance,2
50,$SIMO Basing nice A close over 24.18 is bullish,2
51,Big Money Is Pouring Into Facebook From All Directions,2
52,placed an order to sell 5 shares,0
53,go $FB go,2
54,Out $BIDU for now,0
55,Short Setups Looking Nice....Really Nice,0
56,Defying the Downturn,2
57,but man this is one to be careful with,0
58,downgrade,0
59,Short $TSLA calls,0
60,Was looking for a long entry but today's price action wasn't appealing,2
61,"just follow the trend, follow the money flow",2
62,tapping on 10.00,2
63,Will re-enter short on bounce..,0
64,Found some good bull setups this week,2
65,all going down,0
66,so volatile!,0
67,sold my 81 calls,2
68,I'm watching(and buy targets),2
69,beats the Estimize EPS Consensus by 6c and the Estimize Revenue Consensus by,2
70,Short Percent of Float 16.80%,0
71,,0
72,Add to $FXP $SKF positions,2
73,long,2
74,Bottom Losses,0
75,ure wish bad news came out just a few days earlier,0
76,,1
77,"$WMT, 13%",2
78,added increase of 16.7%,2
79,mkt fell on debt downgrade due to slow growth,0
80,$FCX +3.53%,2
81,been very frustrating green bar gets followed immediately by 1-3 weeks of consolidation,0
82,Thanks for the short,0
83,need to break $4 again,2
84,Fed cuts rates forecast Our calls go 100%,2
85,Stochastic Overbought,0
86,Very tight price,1
87,#oversold,2
88,a great step for #China to let $FB in,2
89,new squeeze plays,0
90,$CRM Seems a little to high also,0
91,Pie In The Sky,2
92,Moved Upper Bollinger Band,2
93,Highest call to put ratio,2
94,offers will take place until next week,2
95,Currently it is the shorts rejoicing,0
96,breaking out when the market pulls back,2
97,airlines battle for Cuba routes $AAL $LUV $SAVE $JBLU,2
98,Buy the dip',2
99,$MDXG  lower.,0
100,BlackBerry Messenger is second only to Facebook in user loyalty,2
101,Headed to all time highs,2
102,Your shit is broke,0
103,buy,2
104,Weak open and it goes r/g within first 30 mins,0
105,down $2.84 premarket,0
106,Guess who sold off about $800 million in $MDLZ,0
107,Buying on Weakness,2
108,Shareholders welcome Marriott-Starwood deal,2
109,peachy prospects,2
110,"Another Sell Rating, Sell Rating",0
111,Nice day rally!,2
112,Nice day rally!,2
113,Quality Stocks With High Cash Returns,2
114,LED light bulb prices rise in Japan,2
115,Closed Buy,2
116,highest down volume in last 10 days,0
117,With $IBB back over support,2
118,long into earnings looks good over 600,2
119,"considering Yahoo bid up 2,05%",2
120,"After weeks of steady gains,advances in mkt breadth slowe",0
121,I will buy aggressively if pulls back,2
122,Nice day rally!,2
123,gets 26 patents and goes down,0
124,Buying on Weakness,2
125,LED light bulb prices rise in Japan,2
126,"is a later riser, Positive catalyst?",2
127,Could that have been a strategy to exit shorts before the big pop?,2
128,Piper upgrades Symantec on improving renewal rates and enterprise growth,2
129,Look for strong solar rebound today!,2
130,I think the DNF crew can get this $NFLX short into the next 30 days heading into earnings,0
131,red $AAPL dragging down $QQQ,0
132,cuts outlook down,0
133,weakness continues again.,0
134,Watchlist Top Stocks,2
135,Long,2
136,joint bid for Yahoo's internet assets,2
137,patience pays off,2
138,Bad governance not confident in core biz,0
139,Bottom Losses,0
140,sales numbers still holding up so well igh end might not be a concern after all.,2
141,I just feel the people who are buying are the same ones with their finger on the sell button,0
142,gap filled,2
143,debt crisis entered a dangerous new phase,0
144,just about to break out to new highs lots of technicals looking great right now,2
145,next resist is 64.40's,2
146,,1
147,looks really toppy right here.,0
148,this will pop after the holiday,2
149,Breakup Will Cost Billions,0
150,News breaks first and fastest on Twitter $TWTR,2
151,overbought,0
152,Continues to consolidate above previous break out area.,2
153,Good to load up Be confident,2
154,Long look like a 5-10% run awaits,2
155,Buy Call!,2
156,companies shld be worried about iCloud,0
157,$SPY -0.05%,2
158,but decent supt here-expect some upside,2
159,Monday sold,0
160,"Sector has been taking a beating recently, could be positive here will catch a bid today",2
161,"At 11x earnings, $AAPL is a steal",2
162,Multi Top on $MCD  chart finally leads to a fall in price Stability is questioned in the stock but coming weeks will tell,0
163,US Adds 321K Jobs In November Unemployment Rate Remains At  Gold Futures off,2
164,Why is $FB falling?,0
165,calls for nice gains Still holding Week made in a morning,2
166,someone bought lots of calls MON,2
167,moving up again,2
168,$EA points to the two Facebook games,2
169,ready to exit bankruptcy,2
170,starting to creep up,2
171,looks like BO coming,2
172,2m this year would be amazing,2
173,Moved Upper Bollinger Band,2
174,$GOGO short,0
175,EU getting closer to charging Google over Android,0
176,Supermarket Stocks Rally as Tesco Plans to Axe Non-core UK Assets,2
177,China winners,2
178,looks like an ascending channel,2
179,patience on the buy precedes patience on the sell,1
180,Oil To Break Out Adding Chevron,2
181,brand name is to big for it to fail  I bet they recover or get bought out before the year is over,2
182,Top #NetPayoutYields,2
183,Long $AMZN Oct $240 Calls,2
184,under pressure along with the market,2
185,patience pays off,2
186,stock splits are lipstick on a pig!,0
187,making new highs for the year,2
188,held up well after the big gains! still very undervalued and has major upside,2
189,wait and see before taking any action,1
190,Markets Are Still Acting Weak,0
191,breaking below support,0
192,sold 20% of our concentrated stake,0
193,want to go this morning it's about time looking at the chart,2
194,cracking lower early $short #correction,0
195,$FB & $IBB down,0
196,Higher In Afternoon Trade Buy Point,2
197,Oil To Break Out Adding Chevron,2
198,added $SSO 64.33,2
199,$FB $112 Calls .55 entry,2
200,Is Tiffany's overvalued,0
201,$INTC & $AAPL strong tech leads DOW higher,2
202,after crunching #'s diamond in the rough,2
203,Biggest gainers today large caps,2
204,$AAPL a new long IF 110.61 is broke,2
205,added to our $GILD position started a new one in $BWLD,2
206,Largest Online Gaming Market,2
207,,0
208,Bottom Losses,0
209,stopped out even from yesterdays entry,0
210,Micron Shares Pounded On Fears Of Loss Of Business From Apple,0
211,Closed Buy,2
212,over 225 million new Internet users are being added globally every year,2
213,$UVXY broke 10.00 amazing!!! not the 1st time won't be the last,2
214,Long LEAPS,2
215,"Looks like that support line around 24.90 held t can close green it could start seeing some pstv momentum,",2
216,retreats like clockwork,0
217,,1
218,its time to sell banks,0
219,upgrades to outperform ifts price target,2
220,Unusual call buying,2
221,holding strong,2
222,Three of my hot stocks today,2
223,Bulls Are Out,2
224,patents system,2
225,Markets Back in Black for 2016,2
226,The losers buying $TSLA at these levels,0
227,adding $expe and $pcln to the mix soon I already have $CTRP and $trip,2
228,Today's losers,0
229,not feel terribly good,0
230,$SPY up only 0.6% Still holding,2
231,record number of passengers served in 2015,2
232,While we think $TNH is a winner we are ringing the register,2
233,reiterated 'Outperform' rating,2
234,airplanes are still flying,2
235,$MTD $341 from $325 ,2
236,bond buying is signaling some bad moves for the market,0
237,I see more downside in next two weeks be careful -20 dollars drop potential,0
238,has just about run its course needs to find a way to turn around,0
239,Biggest Market Losers,0
240,Loaded up on $bsx yesterday looking good now Still think way more upside than downside.,2
241,Notable gainers among liquid option names this morning,2
242,Gevoâ€™s Alcohol to Jet Fuel Now Eligible to be Used for Commercial Flight,2
243,5-star analyst @brianwieser from Pivotal Research upgraded rating on $GOOGL to BUY Brian has a 79% success rate,2
244,Santa Rally blow off top,2
245,iPhone 6s is still better than Galaxy S7,2
246,didn't factor in anything other than google and repeated good earnings,2
247,Facebook is succeeding where Google should have dominated,2
248,$UCO +4.44%,2
249,up on day and will continue a surge next week.,2
250,Facebook stock is now +$72,2
251,ripe for a squeeze again,0
252,Biggest Market Losers,0
253,with personal story sharing declining will $FB feeds start to look more like $TWTR,0
254,upgrades stock recuperates,2
255,saying this is a peak = fear mongering Competition's dying smartphone usage increasing,2
256,the most trending,2
257,who won't pay anymore REAL risk,0
258,still they are saying bullish LoL,0
259,today's bull flag,2
260,growth rate of approximately 122.0% to 124.9%. total net revenues to be between $780 mln and $790,2
261,lots of nice setups in Energy  liking Whiting more each day $CRZO too,2
262,Bad governance not confident in core biz,0
263,Airplane And Hospitality Industries Set Their Sights On #Cuba,2
264,Landed in $EA,2
265,bought $skf as a hedge,2
266,Transports always lead the way bull flag,2
267,here is no case here,2
268,$JOE Getting attention. No.2 on NYSE 100 top buying list,2
269,Short Setups Looking Nice....Really Nice,0
270,Highest close since,2
271,should bring $SPX down into the close.,0
272,,2
273,money flow & stochastic dropping itting resistance at the 200-day downtrend Retest 50-day?,0
274,9% run for this watch list winner,2
275,have had 2 wks of fund inflows for the first time,2
276,$GOOG $GOOGL would suck,0
277,ses warrants to buy $1.17B & 14.97% of AmerisourceBergen(PBR16) shares,2
278,Not every idea $AMZN has is bad.,2
279,looks primed poised to run too,2
280,Yahoo extends bidding deadline as interest grows,2
281,good news for domestic automakers,2
282,mrkt needs to washout,0
283,valuation is high No net cash fwd growth <10% high peg historical high pe & fwd PE,0
284,$WFM dropping below $30 again not enthusing Investors,0
285,$HTZ lower,0
286,Recall Adds To Reliability Issues,0
287,I'm out,0
288,Think I may just start to avoid bios,0
289,LVMH affordable #luxe doing just fine helped by duty-free & confident mainstream shoppers,2
290,no crying you get out,0
291,Trying to break daily trend line! Big move could happen,2
292,Went long on this,2
293,"If bulls lucky enuff to get an upside gap fill, better take it",2
294,wouldn't call any of these banks h+s quite yet,2
295,banks to implode stress tests failing  selloff,0
296,New recommendation from Carl Kirst of BMO Capital Markets,2
297,near a buy point last week,2
298,PC shipments drop to lowest level since 2007,0
299,Momentum building for breakout trigger Long setup,2
300,consistent gains but small one of my favorite trade,2
301,$AAPL cult on stocktwits is actually disgusting,0
302,Higher In Afternoon Trade Buy Point,2
303,Sector Stocks Leading Today,2
304,$ADBE flying,2
305,"Tesla to recall 2,700 Model X SUVs over seat issue",0
306,Back in,2
307,US Adds 321K Jobs In November Unemployment Rate Remains At  Gold Futures off,2
308,under pressure along with the market,2
309,cash & cheap financing is fueling a wave of acquisitions,2
310,Worst #sentiment for #SP1500 #stocks at market close,0
311,gold going parabolic keep chasing those tops boys,2
312,I would take profits if you have them,0
313,never widen your stop to stay in a trade,0
314,slips alongside shares on NSA leak news,0
315,Best outperformers ranked,2
316,$GOOGL is setting up above its 50-day moving average,2
317,weakest sector this year possible false breakout,0
318,"Tesla is recalling 2,700 Model X cars",0
319,Unusual Call Activity,2
320,Wish had my puts bac,0
321,see if they maintain 15% yield should be announcing the monthly divy,2
322,look at all the shorts running for cover,2
323,"As with all 3x ETFs, it is subject to decay due to daily rebalancin so be careful holding",0
324,Signs of life are emerging :),2
325,Markets Back in Black for 2016,2
326,I rather be neutral to bullish rather than bearish,2
327,Diversifies. Adds International exposure,2
328,Out $AAPL,0
329,capped this range leads to meltdown,0
330,long on,2
331,$GOOGL patents turn signal detector for autonomous cars.,2
332,moves up a little more today off of cup and handle,2
333,makes less profit than the sales of $AAPL Watch,0
334,Comparable Store Sales -4%,0
335,Making higher highs & higher lows as it consolidates over past several weeks,2
336,looking to add a gold miner and possibly lower pe tech name into close,2
337,sold at 139.26 and flat,0
338,suddenly realizing,0
339,long,2
340,$FIT and $SUNE have not changed.,0
341,"$NUGT fucking beast mode, kicking shirts in the NUGT pouch",2
342,my hospital reits are slaughtered,0
343,i want to cry,0
344,3 Top Japan ETFs To Surge Higher In 2H,2
345,New bullish conversation activity,2
346,Bottom Losses,0
347,"just follow the trend, follow the money flow",2
348,Short Squeeze Ready To Upside w Crossing Important Technical Level,2
349,I'll take the other side of that trade,2
350,I love this stock/Co,0
351,no choice but to be positve,2
352,Word on the street is that Allergen is looking at Endo International,2
353,buy $WYNN,2
354,$TSLA hype the news sell on news,0
355,Three black crows followed by a potential bear flag not looking promising short term,0
356,Looking for a strong bounce Lunchtime rally coming,2
357,trails $MSFT $ORCL $GOOG $CRM $ADBE,2
358,Stay With Best Of Breed Has Room To Run,2
359,Nice day rally!,2
360,orgetting the potential relative value of its users,2
361,looking goo for 35.80s break out. It must hold 35.40s,2
362,USIO ops are profitable,0
363,Bot $GMCR 75 Nov Call,2
364,Reasons for caution about Chinese stocks,0
365,outperforms,2
366,earish Trader bets $550K that Stock Will Sell Off,0
367,congrats shorts,0
368,Downbeaten stocks may be ripe for buys,2
369,picked some up like this going into 2014,2
370,Worst performers today  $MGM $IO -6%,0
371,nt done good with that name so will pass it,0
372,its been nothing but down,0
373,Bullish MA Crossovers,2
374,player onto the 211 puts,0
375,Someone wants in,2
376,$pcln back over 'up' trendline,2
377,Found some good bull setups this week,2
378,is just humming easing overbought,0
379,"just follow the trend, follow the money flow",2
380,is up 19%,2
381,Sector Stocks Leading Today,2
382,"Ron Johnson tried, and failed, to inject a bit of Apple culture into JC Penney",0
383,not the prettiest candlesticks no signs of gap fill yet,1
384,agree risky watching very closely,0
385,breakout from the consolidation zone bot some @,2
386,Took Small posistion on $TSLA,0
387,flop would just get everyone running to the fences.,0
388,Unusual Call Activity,2
389,Worst #sentiment for #SP1500 #stocks at market close,0
390,new squeeze plays,0
391,people are calling it bearish Some heading for exits already,0
392,long $SQ LONG 3300 SQ,2
393,Fader play here,0
394,all sectors improved in bullish breadth.,2
395,top-rated,2
396,Stochastic Overbought,0
397,China February Retail Sales: E-Commerce Remains Resilient,2
398,China February Retail Sales: E-Commerce Remains Resilient,2
399,Large cap tech is finally trying to catch up with the rest of the market,2
400,Stock dropping hard...,0
401,Recall will not impact financial results,2
402,,2
403,very weak res,0
404,gap up today?  they say the heat is coming,2
405,top-rated,2
406,Coming from far could go far Stock price implies you pay nothing for the business,2
407,LNKD is great but doesnt the potential side with Fb,2
408,Long $ENDP @ $26.23 on $AGN b/o rumor,2
409,oil back above 60,2
410,Short Setups Looking Nice....Really Nice,0
411,gist of downgrades was apple failed to make a phone th,0
412,Another 3% gain in $RIGL following last week's huge call buying in the Apr,2
413,$STX Higher,2
414,$GRPN having a much better day than $FB,0
415,stocks insiders are bullish on,2
416,hipments on track to exceed forecasts,2
417,LVMH affordable #luxe doing just fine helped by duty-free & confident mainstream shoppers,2
418,cover all,2
419,SS interest rose on 12/15 on day before we hit our lows. http://stks.co/c1QKr,0
420,Most bullish stocks on Twitter during this dip,2
421,$FCX 1.9% now March $36 puts now +8.33%,0
422,First quarter is amazing,2
423,$SAP Q1 disappoints as #software licenses down Real problem?,0
424,Today's losers,0
425,looking for a sharp move up in equities,2
426,gap fill coming up,2
427,Report: Apple signs up for Google's cloud uses much less of Amazon,0
428,$FB TO $107 TOMORROW!? Show me the $$$,2
429,over 225 million new Internet users are being added globally every year,2
430,Covered Call,2
431,Long buying point,2
432,I've been picking up railroad stocks for the retirement acct,2
433,when there is turmoil in the MENA region shippers perform,2
434,"Going back in, but slowly",2
435,down 12% since I alerted it a short sell on 3-25,0
436,Bet the farm on,2
437,Interest Heats Up for @Yahoo $YHOO,2
438,the parties over volatility is back,0
439,Stocks Higher In Afternoon Trade,2
440,Highest call to put ratio,2
441,Apparently Intel thinks women should get paid the same as men $INTC Gender Pay Parity at 100%,2
442,$GS is looking weak while this market is moving higher not a good sign,0
443,1Mil Buy order at,2
444,top stocks,2
445,Top Stocks in 2015 are Ready to Lead Again in 2016,2
446,"640m globally this week on avengers really sick ,Stan lee is a beast",2
447,plus its Irish based  getting rid of its generic biz,2
448,In,2
449,13F Shows New Stakes in ,2
450,gap up today?  they say the heat is coming,2
451,Breakout watch,2
452,Short Setups Looking Nice....Really Nice,0
453,getting a lot of hype,2
454,Court tells states to leave $GOOG alone,2
455,Got a nice push today,2
456,"Unloaded $16,673 Worth of The Ensign Group, Inc. (NASDAQ:ENSG) Shares",0
457,$23 by the end of the week..did you snatch ur 21,2
458,continues its rally,2
459,it With Lawsuit from Russian Search Engine,0
460,#oversold,2
461,have had 2 wks of fund inflows for the first time,2
462,MU down 2.3% today and down 8.9%,0
463,Unusual call buying,2
464,$KO:US #COCA-COLA CO 19Oct Positive,2
465,Sales weak margins down debt still way up,0
466,just broke resistance #redtogreen #breakout right out of the gate tomorrow morning,2
467,$FFIV up 7$,2
468,bot $CHRW,2
469,Break-out thru 50 & 200- DMA Short squeeze in progress,2
470,now up 2.2% Still holding,2
471,Bid for Reargument Denied by Judge,0
472,with upcoming first support in a few days or weeks!,2
473,$CAFN Cachet Financial Solutions Surging Forward today post earnings Up +13.26%,2
474,lots of green on the 5 min,2
475,looking to buy,2
476,I don't think is the right fit,0
477,stochastics finally starting to turn up Buying here,2
478,Another Sell Rating,0
479,Very nice breakout on a very nice stock,2
480,launching shopping bot catalyst2016 #catalyst2016,2
481,Buy these 3 stocks while there's blood in the streets,2
482,Goldman Sachs reiterates conviction buy on,2
483,losers no profit so sad,0
484,Long term uptrend intract so far,2
485,the most trending,2
486,,1
487,Will be adding on dips,2
488,Added long at friday close,2
489,losing $400M of $AAPL's business,0
490,#oversold,2
491,Picking up a couple shares of $GOOG today,2
492,My broker has no shorts who has them?,0
493,sales numbers still holding up so well igh end might not be a concern after all.,2
494,trying to drag $bidu with it.,0
495,over 225 million new Internet users are being added globally every year,2
496,downgraded to neutral at Deutsche Bank Price target reduced,0
497,Five Stocks that Helped Starboard Valueâ€™s Equity Portfolio Return 6.5% in Q1,2
498,buy zone today take swing trade profits,2
499,big picture is BRILLIANT Boy-wonder visionary Zuck!,2
500,"bounce right now has no vol, more vol when it slid",2
501,another story stock with an unhappy ending,0
502,Love it #bullish,2
503,Most bullish stocks on Twitter during this dip,2
504,Mark Zuckerberg is doing an amazing job,2
505,today's top gainers,2
506,has had a history of a lack of PR shame for investors,0
507,closed Friday with the RS line in new highs,2
508,look out belooooooowwww,0
509,whole Semiconductor space looks interesting,2
510,To Combine In $37 Billion Deal,2
511,peaks above HOD,2
512,Problem for shorts every fund out there will want to buy this thing on a a pullback,2
513,awesomely bullish stocks,2
514,There is a good base building,2
515,Biggest Market Losers,0
516,Highest call to put ratio,2
517,SOLD to close $QQQ puts for +34%,0
518,ooks pretty bullish for now,2
519,looks really interesting on drop grabbed some options and stock enough tme before earnings to grow the stock growth all sectors,2
520,covered some shorts,2
521,Add to,2
522,triple top forming.,2
523,will end up selling for pennies on the dollar,0
524,looking sexy this morning break on volume,2
525,Whole Foods shareholders vote down activist initiatives,0
526,Imagine $AAPL TV impact!! $$$,2
527,Southwest Is at Its Lowest Multiple Ever,2
528,Still too early for an entry,0
529,Moved Upper Bollinger Band,2
530,Today I bought more,2
531,won't have anyone buying products,0
532,Short Setups Looking Nice....Really Nice,0
533,still long term fan!,2
534,What a nice reversal.,2
535,TripAdvisor jumps on M&A rumors,2
536,"$TSLA Recalls 2,700 Model X Vehicle Shares Volatile",0
537,Long tech calls,2
538,Breakout Should be Confirmed Upturn,2
539,Best performers,2
540,very tight on the avail stock for shorting,0
541,get into $WFM and $MJN,2
542,Stochastic Overbought,0
543,Bounced off target buy area,0
544,oversold,2
545,double top reject,0
546,Added. Bounce off of for ride to,2
547,working on Cuba deals,2
548,Dividend Hike Green Light,2
549,I am excited about all these plays,2
550,commodity weakness,0
551,$fb small flong 109.25 via calls,2
552,had a nice breakout of the recent consolidation,2
553,sells flat..I am out..,0
554,Airplane And Hospitality Industries Set Their Sights On #Cuba,2
555,reserves are in decline,2
556,this pull back of,0
557,Pie In The Sky,2
558,First quarter is amazing,2
559,$TFM will have a way to go price wise to compete with Kroger. $KR,2
560,Sector Stocks Leading Today,2
561,biggest St50 gainers,2
562,Bears Take a Clear Near Term Advantage,0
563,Will A Onetime Zombie Stock Rise Again?,2
564,today's bull flag,2
565,iPhone SE Could Be Doing Better Than Expected,2
566,Now up to 200 stocks making new 52 week highs,2
567,Would short $AMZN on any rally,0
568,after losing about $1 billion on $VRX?,0
569,$CAT +5.10%,2
570,"The Top 10 brands for #millennials - $AAPL is #1, and $FB is way off the list at #65.",2
571,looking tasty,2
572,Sell Short Position on,2
573,Nice day rally!,2
574,damn me and low priced stocks,0
575,Spy the bubble is in stock buy backs,0
576,SELL signal by $NDX internals technical SELL,0
577,Bullshit,0
578,$X +2.27%,2
579,this is what you get,0
580,"Another one to add, already happily holding",2
581,RSI is down at 20,2
582,$BABA is going to be an interesting one,2
583,,2
584,Buy the dip',2
585,"There's no reason why $GOOGL can't get back to $1,000",2
586,short,0
587,Equity indexes working on a positive engulfing for March,2
588,Highest call to put ratio,2
589,Oil slid to a four-year low after #OPEC kept its oil production unchange,0
590,sideways,1
591,Unusual Call Activity,2
592,"green, lol... make-up to cover ugliness",2
593,slight green May be runner later,2
594,Pivotal sees 27% upside for Alphabet,2
595,refuse worst decisions ever,0
596,profitable hard and software product innovator,2
597,$MSFT is opening up its #XboxLive online service,2
598,here we gooo,2
599,sold my 81 calls,0
600,at resistance right here sold my shares,0
601,Holding,2
602,Gevoâ€™s Alcohol to Jet Fuel Now Eligible to be Used for Commercial Flight,2
603,stocks at support w/ high trade quality,2
604,finally broke free from big brother's shadow?,2
605,I like this Ascending Triangle Breakout coming Monday Looks promising,2
606,I'd be short $fast,0
607,In Play Longs,2
608,the most trending,2
609,Supermarket Stocks Rally as Tesco Plans to Axe Non-core UK Assets,2
610,out of $KRE,0
611,time to accumulate for a long position far more upside than downside,2
612,No edge offered,2
613,Oil To Break Out Adding Chevron,2
614,Found some good bull setups this week,2
615,Sets Up for Breakout,2
616,Something big is gonna happen here,1
617,winning pick this week,2
618,calls popping 5% Stock +1%,2
619,Double bottom 5.2,2
620,lets see one more dip,0
621,consistent gains but small one of my favorite trade,2
622,on cusp of a major bollinger breakout on daily sitting right on its 200 day EMA the force is too strong squeeze the shorts,2
623,hanging tough in down market due to analyst upgrades Up almost 3%,2
624,Coal stocks are poking their head up very nice weekly candle,2
625,Still holding,2
626,"is exceptionally bullish for Romney, the mkt, and the economy.",2
627,Mid-single digits EBITDA growth,2
628,posts 60 percent jump in 4Q profit steep global sales increase tops Wall St. view,2
629,Loving BTU and the coal stocks in here,2
630,watching paint dry low volatility,1
631,Fundamentally nothing has changed,2
632,Stares Into the Abyss,0
633,Smartphone Wars Wound Samsung,2
634,where the growth is not a High P.E. stock,2
635,long this morning,2
636,took my proprietary profit exit didn't like the option liquidity ousy spreads,0
637,$YHOO refuse of $MSFT offer of 45 B is going to go down as one of the worst decisions ever.,2
638,has gained an average of 0.9% a week for the last nine years,2
639,eyeing $RA w take-over interest,2
640,added to our $GILD position started a new one in $BWLD,2
641,Investor long-term stock recommendation,2
642,EPS growth is around 12% so far,2
643,easonably priced high growth institutional fave glamour name that is going at least 30% higher,2
644,Bull Of The Day,2
645,Let's go up Gilead,2
646,European Debt once again Keeps Stocks Down,0
647,Nice little cup-and-handle shaping up favours a good day for the index,2
648,bail out,2
649,I dumped $PYPL and $PRLB,0
650,Top #NetPayoutYields,2
651,CFO Sees Profitability From Cash Flow Positive From,2
652,Price Target Raised,2
653,So sad to see such a loved company eating dirt.,0
654,is up 19%,2
655,have cash to burn.,2
656,Downbeaten stocks may be ripe for buys,2
657,Strictly day trading this one long and short off 5 minute,2
658,Aggressive Buy,2
659,Long favorite covered call double dip dividend play. touting,2
660,close above 28.64 we are ready to rock and roll,2
661,Will this cold put a dent in the massive horizontal rig production,0
662,Long look like a 5-10% run awaits,2
663,"Over the TL it can go to 114, below it can go to 90.",1
664,accumulating more $BSMX on any pullback,2
665,record number of passengers served in 2015,2
666,then trail up.,2
667,Bullshit! All #AppleStores are EMPTY in #China,0
668,downgrade,0
669,another strong rail today after breaking intraday resistance,2
670,Heard Netflix is raising its prices. It's all good it's worth it though,2
671,yet not that much (price) has changed,2
672,stocks insiders are bullish on,2
673,Markets Are Still Acting Weak,0
674,Top #NetPayoutYields,2
675,S1 above gap. keeping an eye on S2,2
676,shorts likely to take profits into close,0
677,I see no reason to sell yet,0
678,ripping early,2
679,Keeping my stops a bit on the tight side,2
680,"Receives 7-Year, $50M Contract",2
681,splat! poor Q1 orders,0
682,"With Oil Prices Down further, Oil Stocks Looking Less Cheap",0
683,Finding Support,2
684,,1
685,,2
686,$GOOGL patents turn signal detector for autonomous cars.,2
687,wants lower up waves getting smaller,0
688,add in,2
689,I see a 20 percent upside in $FB shares from here,2
690,great growth stk & also raised dividend clearly a great investment,2
691,$ENDP being sued by FT nobody will buy them with that hanging over their heads,0
692,Breaking 52 week highs timing looks great now,2
693,LargeCap Growth fundholders get lift,2
694,progress witnessed truly stunning,2
695,trying to drag $bidu with it.,0
696,60% short interest or not,0
697,The momo leaders are taken down one by one,0
698,Stochastic Overbought,0
699,new squeeze plays,0
700,Active puts,0
701,Mulls Sale of $1 Billion Venture Capital Portfolio,2
702,strong buy within a month,2
703,Buy these 3 stocks while there's blood in the streets,2
704,I'm watching(and buy targets),2
705,$YHOO have lost 50% since Nov 14,0
706,wouldn't be surprised to see a green close,2
707,Failed breakouts & failed setups Limping on crutches into next week,0
708,high-flyers have been falling,0
709,decision to sell robot business exposes growing pains,0
710,stocks insiders are bullish on,2
711,Drop expected,0
712,Upgraded to a buy by Alpha Street Research,2
713,Worth a chance here,2
714,Rally Friday! #new52weekhighs p over 31%,2
715,expects to break even,2
716,all higher,2
717,Adobe Receives New Rating from Top Analyst,2
718,alot to worry about,0
719,We See More Reasons To Be Cautious,0
720,huge buy in all these names,2
721,$MSFT higher than I expected,2
722,but Verizon is still the bidder to beat,2
723,Could the pride of social media be gettin ready to fall? chart rolling over?,0
724,gold going parabolic keep chasing those tops boys,2
725,hold through all the media BS and you will be profitable patience is key,2
726,Biggest Market Losers,0
727,#sectorbreadth Strongest sector is Industrials 86% bullishness,2
728,uch a bloated valuation,0
729,I Love blood like a vampire.....Keep bleeding for me,0
730,$FB and $IBB still weak,0
731,Bull Candle,2
732,$IEF bullish,2
733,best scenario going forward is this stock slowly falling everyday,0
734,plus its Irish based  getting rid of its generic biz,2
735,Today's losers,0
736,If that's what you want then buy some,2
737,Just sold 2 Apr-22 115 calls,0
738,Stochastic Overbought,0
739,Long Position on,2
740,new HOD,2
741,LONGS,2
742,beat up AH,2
743,down 25% since Tue morning.,0
744,10% Dividend Increase Rewards Patient Investors The Future Looks Bright,2
745,Go Long until exp imo,2
746,remember when Zuck in 2010 told us he was going to fix email with it?,2
747,Bought a little yesterda hoping for an earnings pop.,2
748,long term uptrend broke 4 year resistance looks primed for further upside,2
749,Sets Up for Breakout,2
750,picked up $CALM,2
751,advance announce licensing agreement,2
752,gets a patent and goes up .20 today,2
753,Don't like Neither does Wall Street fell the most,0
754,GALE stacks up poorly from an insider ownership,0
755,Nice day rally!,2
756,#oversold,2
757,Took a small position,2
758,Continues to base on the weekly chart,0
759,amazon just signed a deal to lease 20 Boeing 767 cargo planes,2
760,Today's losers,0
761,up $5.80,2
762,EPS growth is around 12% so far,2
763,may not be bad great stocks to trade making new highs,2
764,Top #NetPayoutYields,2
765,next major platform,2
766,Dailymail content is perfect for YHOO demographics,2
767,"investors are nervous about outlook, as they should be.",0
768,Money flow positive,2
769,Electronic Arts attracts more investors,2
770,Biggest Market Losers,0
771,down 5.43 %,0
772,Multiple expansion intact as well!,2
773,Added $REGN at 402,2
774,PLUNGING! Back to,0
775,running,2
776,Add to $FXP $SKF positions,2
777,get ready for the 560 *flush*,0
778,It Needs A New Tablet Strategy,0
779,Taking some profits,0
780,Down day for all biotechs Good to load up,2
781,still loving it today,2
782,Breaking 52 week highs timing looks great now,2
783,Timberrrr,0
784,The Best Stocks for 2012,2
785,double bottom could be in,2
786,3-star analyst Joe Wittine from Longbow Research reiterated a HOLD rating,2
787,still having some trouble at the resistance line,2
788,Accumulation chart continues to make new highs showing accumulation continuing to take place,2
789,Apple hires former Amazon executive George Stathakopoulos as head of corporate data security,2
790,has been slipping,0
791,bullish reversal setup and breakout,2
792,Near HOD,2
793,Moody's downgrade,0
794,Markets Back in Black for 2016,2
795,this one is looking beat up and interesting,0
796,$amd is a two dollar spec play Ur penny scalps cost u w/IRS,0
797,SELL signal by $NDX internals technical SELL,0
798,starting to creep up,0
799,invest in elon,2
800,Still have my position,2
801,minuscule 0.09% gain in $ZIV Lost most of our handsome gains on Friday,0
802,airlines battle for Cuba routes $AAL $LUV $SAVE $JBLU,2
803,Receivable going to zero,0
804,Cisco also lower,0
805,Bullish MA Crossovers,2
806,sell $RHT,0
807,In Play Longs,2
808,next 5-6 charts illustrate a bullish weekly outcome,2
809,I would buy some wtsl at these prices,2
810,more positive comments from $MS,2
811,volume footprint looks great,0
812,Drugs and Biotech Getting Perky,2
813,wants to ta CEO says taxes may make co leave,0
814,companies shld be worried about iCloud,0
815,negative P&L on hardware,0
816,eyes more disposals in bid to appease City backers,2
817,gap fill 53.53 still waiting.,2
818,long,2
819,Pie In The Sky,2
820,afternoon selloff as usual will be brutal get ready to lose a ton of money.,0
821,Short more  markets will tank now,0
822,Has a great cash balance impressive growth rate,2
823,calls for nice gains Still holding Week made in a morning,2
824,Top holdings,2
825,getting out of his,0
826,strong 5min @above bollies,2
827,near a buy point last week,2
828,Google Will Soon Start Selling Chromebooks At Walmart And Staples,2
829,broke out now of his bull flag channel and make new highs,2
830,start strong finish weak,0
831,Services like $NFLX and #Hulu are growing much faster than cable,2
832,top stocks,2
833,Goldman Sachs reiterates conviction buy on,2
834,$AAPL max pain,0
835,"With Oil Prices Down further, Oil Stocks Looking Less Cheap",0
836,got some more,2
837,Favorite Stocks,2
838,BUY,2
839,run run $AMZN up 4.4% now,2
840,consumers keep cautious stance,0
841,"all on a longer-term, technical swing long basis.",2
842,$FB is taking the shine off $AAPL and $GOOG,0
843,broken out of a major horizontal resistance,2
844,Pie In The Sky,2
845,Balancing ROIC and growth to create value,2
846,Locked in some $FB puts for nice gain,0
847,we close around $34 it's a good sign Tom we can continue upwards!!,2
848,$NFLX more positive comments from $MS,2
849,Stochastic Overbought,0
850,"not all time low , been lower",0
851,"if one is to go long, money rotating into large cap tech",2
852,looks great bullish,2
853,starting to show some relative strength,2
854,Time to stomp on some dreams.,0
855,If positive outcome w/ lung study5/8 we may see a 13D Filing by Soros,2
856,more test of 12.85 coming up,2
857,RSI lowest level since October 2012,2
858,Long setup,2
859,Baird Upgrades Tesla Motors $TSLA to Outperform,2
860,my 18 year old and 14 year old are never on $FB  Their mom and grandmas are though,0
861,Sector Stocks Leading Today,2
862,$YOKU 0,1
863,may not be as secure,0
864,The Best Stocks for 2012,2
865,"Long over 3.95/great find - hope that wold be another $ANLY or $PZZI, still holding second 1/2",2
866,today's momentum movers,2
867,Google Will Soon Start Selling Chromebooks At Walmart And Staples,2
868,Found some good bull setups this week,2
869,holding up relatively well compared to the broad market,2
870,less than stellar day but it held the 50 day moving average,0
871,A beautifully orchestrated marke,2
872,up 7$,2
873,Cures 96% of Hard-to-Treat,2
874,Long buying point,2
875,,1
876,let it run,2
877,Yahoo extends bidding deadline as interest grows,2
878,,0
879,Today I bought more,2
880,you will enjoy the bull run that just started,2
881,Issues Statement On Debt Ceiling,0
882,there's a good short spot,0
883,Worst performers today  $MGM $IO -6%,0
884,Insiders Are Selling,0
885,good news for domestic automakers,2
886,can ONE of the cheerleaders show me actual valuation work,0
887,up to $95 after market!,2
888,Buying on Weakness,2
889,Three of my hot stocks today,2
890,Ready for Take OFF!,2
891,Report: Apple signs up for Google's cloud,2
892,Short Setups Looking Nice....Really Nice,0
893,short $MBLY,0
894,will push $NLY investment to another time,0
895,Notable gainers among liquid option names this morning,2
896,looking to add a gold miner and possibly lower pe tech name into close,2
897,point at a possible move up,2
898,they let the stock fall big time after earnings,0
899,not selling before,2
900,tremendous opportunity awaits,2
901,up 10% in premarket ready for lift off,2
902,the overall market improve,2
903,gots some $AEZS this morning,2
904,Erinn Murphy of Piper Jaffray thinks $FINL is a BUY,2
905,longer term top building now a quickie short,2
906,debt crisis entered a dangerous new phase,0
907,$MU may go down 6% if the bear pattern is confirmed,0
908,looking good Note that it broke this area on lighter volume,2
909,cracking,0
910,Bullish MA Crossovers,2
911,still an interesting finance play been in this one since the 14's- hold,2
912,broke the downtrend line ready to launch through the 200 day moving average,2
913,some of the stocks that came up on screens for longs,2
914,Defying the Downturn,2
915,soars pre-market,2
916,This stock is a buy,2
917,PAIN,0
918,hi beta hi performers,2
919,in trouble ? is that earnings gap still unfilled ?,0
920,calls for nice gains Still holding Week made in a morning,2
921,Long look like a 5-10% run awaits,2
922,bull move ended waiting for next setup,0
923,trying to lead higher here,2
924,bought back more shares here today,2
925,"getting very close to 200 MA of 110.87, hasnâ€™t closed above 200 MA since July 31, 2015. If / when it does, will be significant.",2
926,"addding tsla ss , added small vrx long $TSLA $VRX",2
927,sold xoma,0
928,nice blurb for $BBRY,2
929,What a nice reversal.,2
930,I'm watching(and buy targets),2
931,Don't catch falling knives,2
932,Barclays signs on to Apple Pay,2
933,looking weak,0
934,Markets Are Still Acting Weak,0
935,short/put positions looking good here Wait for market downturn to confirm,0
936,bullish $NFLX day trade setup,2
937,Unusual Call Activity,2
938,Institutions seem to like this class of stocks,2
939,loading $SPY and $AAPL puts think were toppy,0
940,watch $TSLA > 34.5,2
941,still in bear market,0
942,China winners,2
943,stock options trade would have more than doubled your money,2
944,master class on how to conquer mobile astonishing turned their fortunes around,2
945,got hit hard lower this AM,0
946,biggies must be loading up here at lows,2
947,has a hard to diminish lead,2
948,Inverse Head and Shoulders forming,2
949,weak outlook,0
950,Indices are rallying today a lot of the 'highly covered companies' are underperforming,0
951,$GPRO up,2
952,Embarrassing China numbers,0
953,Possible target,2
954,Rally Friday! #new52weekhighs p over 31%,2
955,Long setup Closed above the 20MA,2
956,CLOSED GREEN!!!! BULLISH!,2
957,,1
958,bumping its head on declining daily 8ma as overhead resistance,0
959,At least you didn't stop out,0
960,finds support,2
961,Long-Term Potential Robust,2
962,hopefully peeps shorting $CAMT for scalps,0
963,Now it is time to short $TSLA,0
964,keep stock on your watch list,2
965,gap up tomorrow,2
966,demand ahead strongest growth,2
967,Our updated #core4 portfolio,2
968,new HOD with conviction keeping $570 on watch for Resistance,2
969,long the market,2
970,acting tough on big volume against the tape,2
971,Best outperformers ranked,2
972,Infection worries prompt regulatory reviews,0
973,Back to Back intraday reversals look out below Shorts moving in!,0
974,Weekly 625 calls now +42.31%,2
975,has been a bull and $gld a bear,1
976,Watchlist Top Stocks,2
977,I would consider this opportunity to add my position company is on the right track they are still improving sales,2
978,Markets Are Still Acting Weak,0
979,bear flag,0
980,took some $ENDP long this am,2
981,Yes buy everything up,2
982,Brent back below 49,0
983,A Premier Retail Dividend Play,2
984,beat up AH,2
985,shipments slid -9.6% to lowest quarterly total since 2007 dethrones,0
986,long,2
987,Bullish MA Crossovers,2
988,the most trending,2
989,Unusual Call Activity,2
990,Nice day rally!,2
991,Added long at friday close,2
992,Looks like might break down I'm out,0
993,"Long over 3.95/great find - hope that wold be another $ANLY or $PZZI, still holding second 1/2",2
994,Pushing Channel Development,2
995,bot $EZPW,2
996,Like this > trade to 200 sma,2
997,short,0
998,CHUNK OF DEC $35 PUTS BOUGHT AT,0
999,Not Time To Buy,0
1000,round 2 short,0
1001,"580+ should be coming very quick, if the FED supports the markets 610",2
1002,debt crisis entered a dangerous new phase,0
1003,some of the stocks that came up on screens for longs,2
1004,Sector Stocks Leading Today,2
1005,short the market,0
1006,Airplane And Hospitality Industries Set Their Sights On #Cuba,2
1007,Over 16 with conviction  I'm a buyer good for ride to 20,2
1008,$NFLX at $44B,2
1009,Seeing Competition,0
1010,Some competitors worry that BlackBerry is the inevitable successor to Northern Telecom much more competent leadership,2
1011,Moved Upper Bollinger Band,2
1012,Unusual Call Activity,2
1013,4 shorts only,0
1014,TOP 5 STOCK PICKS,2
1015,tired of seeing this go down,0
1016,ascending base breakout starting to gain traction strong stock,2
1017,have enjoyed shorting Anglo these last few weeks,0
1018,Top holdings,2
1019,$AAPL cleary surpassed their BB,0
1020,all going down,0
1021,Stochastic Overbought,0
1022,Expands Share Repurchase Program,2
1023,"Play safe, be long Just make sure you don't go long with all your money.",2
1024,Covered,2
1025,Bullish yeah $EWZ,2
1026,Closed short position,2
1027,Why $TWTR is doomed in 1 chart,0
1028,New RSI signal created on $COST - Buy,2
1029,Global PC shipments fell 9.6% in Q1 $MSFT destroyed the PC market,0
1030,holding up well today,2
1031,Unusual Call Activity,2
1032,all higher,2
1033,Deutsche Bank: cuts #Starbucks to Hold premium valuation,0
1034,stocks at support w/ high trade quality,2
1035,gapping up to all time highs,2
1036,downgrade,0
1037,NetApp downgraded by Macquarie to underperform,0
1038,short the $TSLA,0
1039,shipments slid -9.6% to lowest quarterly total since 2007 dethrones,0
1040,Fed cuts rates forecast Our calls go 100%,2
1041,lost revenue not good,0
1042,Finding Support,2
1043,confirmation is a hold  bottom looks like,2
1044,Sounds like we'll see some green tomorrow,2
1045,closed Friday with the RS line in new highs,2
1046,Beautiful trend/base all technicals pointing up Solid accumulation Looks good,2
1047,Airplane And Hospitality Industries Set Their Sights On #Cuba,2
1048,$AAPL signs up with Google cloud,0
1049,heading back down to Not sure where this goes from here without news,0
1050,over 225 million new Internet users are being added globally every year,2
1051,Unusual call buying,2
1052,obby against Judge Garland or they risk losing the case,0
1053,probably long,2
1054,Unusual Call Activity,2
1055,Loooooongggggg base,2
1056,$PYPL w/ a solid start in #ecommerce checkout,2
1057,want to go this morning it's about time looking at the chart,2
1058,breaking out,2
1059,Nobody is recommending the sale of this stock Big things coming,2
1060,"all on a longer-term, technical swing long basis.",2
1061,buying my last round of shorts next week,0
1062,This stock is such a winner,2
1063,Pivotal upgrades Alphabet ahead of Q1 results,2
1064,Monday sold,0
1065,only those with the stomach for high risk are left,0
1066,Men sell $SVXY puts,2
1067,was still up on the screen,2
1068,some upside today If there is catalyst for this guy. It can run,2
1069,shorts made a killing last couple days,0
1070,Will be looking to add shares if we get a new high breakout,2
1071,atching SPY 60 min STO for a push,0
1072,#whisperbeat,2
1073,BMW entering into ride-share market with i3,2
1074,Rally Friday! #new52weekhighs p over 31%,2
1075,staying strong,2
1076,Can $TSLA roll over yet?,0
1077,Stock Receives Ratings Downgrade Today at Jefferies,0
1078,Looks weak now Stay Short in SPY till then.,0
1079,"small pos, short 180 wkly puts",0
1080,downward trendline,0
1081,"isn't cheap Wake me up when it's in the 20s, then it's worth a look.",0
1082,they have real assets,2
1083,Finding Support,2
1084,Buy these 3 stocks while there's blood in the streets,2
1085,Risky move,0
1086,Great short entry right now,0
1087,"Google, Inc. completes acquisition of ICOA",2
1088,Stocks Higher In Afternoon Trade,2
1089,Looking for continuation with volume increase,2
1090,Top #NetPayoutYields,2
1091,actively Head & Shoulder in progress,0
1092,with personal story sharing declining will $FB feeds start to look more like $TWTR,0
1093,worst performers,0
1094,not dipping - testing the 200 day ma,2
1095,Bad Apple,0
1096,,1
1097,should reward better on good earnings,2
1098,daily sales slowing again,0
1099,In play tmrw,2
1100,Sector Stocks Leading Today,2
1101,bidding war picks up for the company,2
1102,"is now beaten down, hated",0
1103,China winners,2
1104,Announces Record #Esports Viewership,2
1105,shares up ~7% after hours beats by,2
1106,seriously nothing says strong growth like well played,2
1107,Call credit spread,2
1108,they are hitting everything in sight. short it,0
1109,bought 3500 shares today!,2
1110,LNKD is great but doesnt the potential side with Fb,2
1111,short somewhere in the high his thing will b short to $3 soon,0
1112,#iPhone is really annoying.,0
1113,Bought more - Bought $FB at,2
1114,only a 50% gain from these levels,0
1115,companies shld be worried about iCloud,0
1116,indicators turning up Bounced off support,2
1117,US Adds 321K Jobs In November Unemployment Rate Remains At  Gold Futures off,2
1118,massive logistics capex result in missed earnings,0
1119,great company,2
1120,long $AAPL,2
1121,on the move up again,2
1122,ooks like nice risk/reward for starting to initiate a position looks like nice risk/reward for starting to initiate a position,2
1123,Favorite Stocks,2
1124,start strong finish weak,0
1125,buy $WFM,2
1126,Elon Muskâ€™s Comparision Of $TSLA With $AAPL Doesnâ€™t Go Well,0
1127,run run $AMZN up 4.4% now,2
1128,Covered Call,2
1129,earnings were good,2
1130,tremendous opportunity awaits,2
1131,downgrade,0
1132,$FB and $IBB still weak,0
1133,Dividend Hike Green Light,2
1134,guess everyone wants 620,2
1135,Good to load up Be confident,2
1136,long,2
1137,Aggressive Buy,2
1138,Highest call to put ratio,2
1139,short,0
1140,"As for $TWTR, no words.",0
1141,Stream too bullish you are going against the biggest BILLIONS,2
1142,nice in an out couple mini trades,2
1143,Short 61.8% Retracement Trendline and Resistance,0
1144,$TSLA recall after I cover my short.  that sounds about right,0
1145,breakouts,2
1146,Looking for a oversold bounce,2
1147,topping tail short from here,0
1148,NaturalGas Settles At 3-year Low,0
1149,its a decent Co should get bought Got in at $4.50,2
1150,doesn't make any real money hey barely hang on  bux it's not worth it,0
1151,Long buying point,2
1152,no trade for now,2
1153,support 212.93 no support to 209.45,2
1154,$AAPL a new long IF 110.61 is broke,2
1155,Analysts impressed with progress,2
1156,#offshoring #jobs & #production,2
1157,stocks insiders are bullish on,2
1158,Time to stomp on some dreams.,0
1159,Biggest gainers today large caps,2
1160,great short setting up,0
1161,holding up well today,2
1162,stocks insiders are bullish on,2
1163,$TSLA dump!,0
1164,Highest call to put ratio,2
1165,Don't short this stock,2
1166,There is massive short squeeze opportunity here,0
1167,with ex-dividend coming it will fall more,0
1168,Impressive numbers,2
1169,Micron Shares Pounded On Fears Of Loss Of Business From Apple,2
1170,Today's losers,0
1171,Covered all my $sina shorts,2
1172,$GRPN might be selling off ahead of $P earnings,0
1173,I am excited about all these plays,2
1174,I sold $TSLA,0
1175,I've been picking up railroad stocks for the retirement acct,2
1176,LONGS,2
1177,2 retailers whose stocks I own,2
1178,downgrade,0
1179,$TOL Higher,2
1180,75k just went through on the ask,0
1181,Bottom Losses,0
1182,short didnt work out,2
1183,Best outperformers ranked,2
1184,$TSLA is the only 'auto' stock showing a gain year-to-date,0
1185,breakout very likely,2
1186,my buddy bet the bank,2
1187,all going down,0
1188,Considering Bid,2
1189,Almost an outside day down,0
1190,5 Toxic Stocks Raising Red Flags to Sell,0
1191,high risk but could be a sweet ST runner once the jigginess exits,2
1192,is waking up,2
1193,Not Time To Buy,0
1194,trying to lead higher here,2
1195,Indices are rallying today a lot of the 'highly covered companies' are underperforming,0
1196,So many traders short,0
1197,Multi-year stock breakouts,2
1198,fast 56pc dive,0
1199,resistance breached last week,2
1200,Fast Money says short ahead of Black Friday,0
1201,got to short that even at work you jump in money trade,0
1202,"#Tesla: Great Company, Bad #Stock $TSLA",0
1203,,2
1204,recall model X,0
1205,Barclays signs on to Apple Pay,0
1206,Could offer support revisit to jump on long bus?,2
1207,very tight on the avail stock for shorting,0
1208,Announces Sale of Partial Stake,2
1209,down 20% in after-hour market,0
1210,Biggest gainers today large caps,2
1211,Big Drop in Hedge Fund Exposure to Market Even sharks don't trust this market,0
1212,short some,0
1213,ended the day down,2
1214,2nd raise this year. ncreases Quarterly Cash Dividend 20 Percent,2
1215,Getting ready to sell some premiumm,0
1216,Stochastic Overbought,0
1217,$KNDI China electric car maker. China car sales +7.8%.,2
1218,Looking for a strong bounce Lunchtime rally coming,2
1219,Looking for a strong bounce Lunchtime rally coming,2
1220,Cisco-Synata deal is a game-changer $CSCO,2
1221,running into cloud bottom,0
1222,next Q will be a good short,0
1223,Reasons for caution about Chinese stocks,0
1224,ready to pop!,2
1225,The Baltic Dry Index has only been lower than this 8 days in 30 years,0
1226,Amazon declares 'best ever' Black Friday and Cyber Monday for Kindle family,2
1227,working on Cuba deals,2
1228,Sounds bullish,2
1229,$AAPL a new long IF 110.61 is broke,2
1230,giddy up!,2
1231,Holy green day batman luv it when a plan comes together,2
1232,$TWTR Fck you Bird!,0
1233,Sold: $CELG $AGIO,0
1234,Rally Friday! #new52weekhighs p over 31%,2
1235,Seems like a good short setup,0
1236,Unusual Call Activity,2
1237,EPS growth is around 12% so far,2
1238,Moved Upper Bollinger Band,2
1239,breaks major support,0
1240,Look at that $AMZN > 600,2
1241,Sold all:,0
1242,up almost 11% now,2
1243,Bricks and Mortar retailers selling cheaper +consumer -retailers,0
1244,mkt should stableize a little,2
1245,Santa Rally blow off top,2
1246,now a cloud software company. How the company transformed itself,2
1247,ended the day down,0
1248,closed Friday with the RS line in new highs,2
1249,still in bear market,0
1250,bearish engulfing candle,0
1251,Tomorrow party time for the Bears!!,0
1252,big $QQQ up day,2
1253,slipping,0
1254,the selling days appear exhausted,2
1255,shorts start quietly covering,2
1256,zigzag and reversal scenario,0
1257,AUG 645 calls +550%,2
1258,the parties over volatility is back,0
1259,huge buy in all these names,2
1260,go up 16% on no news,2
1261,downgrade,0
1262,breaking out,2
1263,In Play Longs,2
1264,"earning play $fast 47 puts, $vrx 34 puts , $bidu 182.5 puts",0
1265,Sinks to 35,0
1266,magically bought at under a dollar,2
1267,continues to consolidate,2
1268,Stares Into the Abyss,0
1269,2 retailers whose stocks I own,2
1270,Covered my small $MWW short,2
1271,Found some good bull setups this week,2
1272,start strong finish weak,0
1273,"raises Q2, FY12 guidance",2
1274,I'll take the other side of that trade,2
1275,massive recent recovery toward new highs should give the real shareholders encouragement on questcor,2
1276,Wilful infringement does not go into calculations of patent damages $AAPL,0
1277,Report: Apple signs up for Google's cloud,0
1278,Sector Stocks Leading Today,2
1279,First quarter is amazing,2
1280,Biggest gainers today large caps,2
1281,If that's what you want then buy some,2
1282,pushing to 12,2
1283,this is going to end in the red,0
1284,stocks at support w/ high trade quality,2
1285,issues already priced in,2
1286,may rebound faster,2
1287,Guess the late traders will be stocking up on $TSLA,2
1288,near a 3% drop thats a lot,0
1289,Sold all:,0
1290,Rally Friday! #new52weekhighs p over 31%,2
1291,may be ripe for a #takeover targe,2
1292,on watch for everyone on Tuesday night for a serious breakout,2
1293,"With Oil Prices Down further, Oil Stocks Looking Less Cheap",0
1294,Stochastic Overbought,0
1295,betting that $GOOG buys Twitter,2
1296,Highest call to put ratio,2
1297,all going down,0
1298,ended the day down,0
1299,Breakout in Regional Banking,2
1300,is somewhat tempting on the long side here,2
1301,New bullish conversation activity,2
1302,Both look good to me,2
1303,careful can reverse fast,0
1304,SHORT,0
1305,Good to load up Be confident,2
1306,who won't pay anymore REAL risk,0
1307,If positive outcome w/ lung study5/8 we may see a 13D Filing by Soros,2
1308,"Google, IBM, ARM And AMD Begin The Assault On Intel's Server Franchise",2
1309,"Support here @ 50sma Good long trade, tight stop",2
1310,Report: Apple signs up for Google's cloud,2
1311,get up out of that Bermuda Triangle plenty of daylight above,2
1312,Institutions seem to like this class of stocks,2
1313,-0.75% #trading weak,0
1314,Going to be EPIC,2
1315,Good thing $SNE has learnt this and is integrating their devices together with the TV,2
1316,Still the top dog,2
1317,stock has 41% upside from here,2
1318,Nice day rally!,2
1319,$LTM Selling far from over a large bearish channel up formed,0
1320,Nice start,2
1321,Closed Buy,2
1322,Another Sell Rating,0
1323,valuation downgraded today would imagine this will trade red at least for a day,0
1324,$TSLA short,0
1325,$TROV reliably finding cancer mutations jackpot,2
1326,downgrade,0
1327,Nice little cup-and-handle shaping up favours a good day for the index,2
1328,I blew out $ZMH,0
1329,LOOKS like we are bouncing Nice volume from 5.77 bottom,2
1330,BlackBerry Messenger is second only to Facebook in user loyalty,2
1331,wayyy overvalued right now May take a short pos,0
1332,Gaining Momentum! Nice buy signals here!  Long Over,2
1333,Surges On Deal,2
1334,long this morning,2
1335,trade continuing very nicely from yesterday looking very strong here,2
1336,slow-motion disruption of the global auto industry,2
1337,BTO three 110 puts @ 1.34,0
1338,Apple's iPhone SE: The Sold Out Flop,0
1339,Potential intermediate top in an Uptrend,2
1340,stocks at support w/ high trade quality,2
1341,closng higher from here,2
1342,short-term forecast is now bearish,0
1343,Take it while you can,2
1344,lets see 14+ today,2
1345,bought CALL OMNIVISION TECH Should beat earnings,2
1346,Pie In The Sky,2
1347,EPS growth is around 12% so far,2
1348,Could the pride of social media be gettin ready to fall? chart rolling over?,0
1349,producing a Bullish MACD Xover,2
1350,no more buys,2
1351,,1
1352,Market getting crushed today,0
1353,Today I bought more,2
1354,bidders line up,2
1355,LED light bulb prices rise in Japan,2
1356,expecting $SPY to close above,2
1357,down 1.1% short of expectations,0
1358,Short Setups Looking Nice....Really Nice,0
1359,LONGS,2
1360,notice how the doomsaying bears disappear during the climbs,2
1361,recessions declines,0
1362,watch is showing serious demand,2
1363,new 'large player sells',0
1364,Biggest Market Losers,0
1365,Prob a buy if it does,2
1366,and is overbought,0
1367,put money in $hznp better option,0
1368,sales exceed target profitability guidance amended upward,2
1369,Goldman Sachs reiterates conviction buy on,2
1370,red before the bell,0
1371,stock will hit $170 easily,2
1372,Downbeaten stocks may be ripe for buys,2
1373,buy safety equipment maker for $2.5 billion,2
1374,weak close,0
1375,looks like it could be about to fall apart market not liking  bad business,0
1376,,1
1377,shorts are getting nervous,2
1378,Facebook has now been down 10 minutes,0
1379,Monday Bulls Are Out!,2
1380,today's top gainers,2
1381,Tesla Motors recalls,0
1382,Aggressive Buy,2
1383,"mentioned as potential suitee, suitor",2
1384,We See More Reasons To Be Cautious,0
1385,Do you really think in 4 weeks they capture 10%? Impossible.,0
1386,Friday was last chance under $2,2
1387,excellent / factual bear argument,0
1388,Bears Take a Clear Near Term Advantage,0
1389,relative weakness is pretty apparent,0
1390,Don't think buyout rumor strong enough too be driving this up just yet,0
1391,$YHOO +2.61%,2
1392,$TPLM Triangle #Petroleum 9.80+3% 2M Expanding Caliber,2
1393,Downbeaten stocks may be ripe for buys,2
1394,downgrade,0
1395,ISRG Short,0
1396,$POZN +30,2
1397,-2.10% vs -0.90% Est Prior Revised from 25.40% to 17.60%,0
1398,Daily Mail enters competition to acquire Yah,2
1399,Stocks Higher In Afternoon Trade,2
1400,Watchlist Top Stocks,2
1401,wants to ta CEO says taxes may make co leave,0
1402,$VIAB down 40%,0
1403,Sudden optimism about iPhone sales not as bad as expected gives Apple $AAPL a lift,2
1404,"Google, IBM, ARM And AMD Begin The Assault On Intel's Server Franchise",2
1405,Monday sold,0
1406,"earning play $fast 47 puts, $vrx 34 puts , $bidu 182.5 puts",0
1407,Bullish MA Crossovers,2
1408,Watchlist Top Stocks,2
1409,looks constructive,2
1410,$UNT trying to break out of 5 day range $SDRL 3.69 long,2
1411,Today I bought more,2
1412,Failed breakouts & failed setups Limping on crutches into next week,0
1413,shorting here into close might be play high beta reversing,0
1414,long play another consistent profit zone,2
1415,good for economy,2
1416,today's bull flag,2
1417,Inside week buy triggers,2
1418,Insiders Are Selling,0
1419,Long buying point,2
1420,Insiders Are Selling,0
1421,revenue grew double-digit,2
1422,hangin on my a thread click away from a cliff drop,0
1423,Long $TSLA,2
1424,"recalls 2,700 Model X cars",0
1425,is in the process of streamlining its structure especially through divestment of non-core businesses,2
1426,In Play Longs,2
1427,MACD and ADX are crossing over the signal lines! Long Setup,2
1428,"Yahoo, Facebook in Ad Partnership Talks",2
1429,Buy the dip',2
1430,About to break out on the 5-min,2
1431,"Long over 3.95/great find - hope that wold be another $ANLY or $PZZI, still holding second 1/2",2
1432,Moves on both sides possible Stay nimble and cautious,0
1433,Fed cuts rates forecast Our calls go 100%,2
1434,the parties over volatility is back,0
1435,up almost up around,2
1436,$LEI Higher,2
1437,Breakout watch,2
1438,adding to position here,2
1439,Brutal slide,0
1440,Looks good on the weekly chart,2
1441,holding up relatively well compared to the broad market,2
1442,covered the swing,2
1443,Bullish MA Crossovers,2
1444,Top Stocks in 2015 are Ready to Lead Again in 2016,2
1445,making new HOD,2
1446,defect  recalls,0
1447,Most bullish stocks on Twitter during this dip,2
1448,strong move today for the Junior Gold Miners keep an EYE out for a gap fill,2
1449,Tomorrow party time for the Bears!!,0
1450,It is cheap.  increasing fees again could be good,2
1451,Insiders Are Selling,0
1452,Why The Coal & Shipping Sectors Could Rise Again,2
1453,small businesses have called $YELP a scam for years,0
1454,weekly 120 puts +283%,0
1455,looking good Calls are active,2
1456,I may try a short,0
1457,Equity indexes working on a positive engulfing for March,2
1458,and it will continue using this profits that no one in the industry can get to innovate and develo,2
1459,To Combine In $37 Billion Deal,2
1460,Another quiet week,1
1461,Deutsche Bank downgrades,0
1462,near-term target $77.38,1
1463,$FB is taking the shine off $AAPL and $GOOG,2
1464,holding up nicely,2
1465,Bought $FB $111 calls,2
1466,airlines battle for Cuba routes $AAL $LUV $SAVE $JBLU,2
1467,accuses $ZNGA of copyright infringement,0
1468,mrkt needs to washout,0
1469,Airplane And Hospitality Industries Set Their Sights On #Cuba,2
1470,shipments slid -9.6% to lowest quarterly total since 2007 dethrones,0
1471,#joke #bubble #buyerbeware,0
1472,$AZPN is worth $20 a share not $40,0
1473,Come on and run with the bulls today,2
1474,$WFC -8.30%,0
1475,5 Best Analyst Rated Stocks,2
1476,nothing investors can do to damage Apple,2
1477,Don't underestimate Mark Bounce off 50sma daily,2
1478,Unusual Call Activity,2
1479,recessions declines,0
1480,buying my last round of shorts next week,0
1481,buy more on the weakness?,2
1482,Good time to buy,2
1483,the most trending,2
1484,Express Scripts loses,0
1485,debt crisis entered a dangerous new phase,0
1486,then shorted it down.,0
1487,Bullish yeah $SMH,2
1488,Call sweepers stepping up this morning,2
1489,Failed breakouts & failed setups Limping on crutches into next week,0
1490,so i can add more,2
1491,hearing rumours of a major joint venture announcement,2
1492,$NLSN launching a marketing cloud,0
1493,Moody's downgrade,0
1494,Tesla dropped a hard J this morning,0
1495,"15 years after release, Windows XP is still the 3rd most popular OS",2
1496,weakness could be opportunity Good to sell Nov Put for re-entry,2
1497,citing positive spending trends,2
1498,isn't going anywhere buying,2
1499,Sector Stocks Leading Today,2
1500,In Play Longs,2
1501,it shoots to the MOON as my favorite pumper,2
1502,Best performers,2
1503,Equities recently tagged #undervalued,2
1504,shorts breakin flag,2
1505,do i have enough shares ??? this beast keeps moving,2
1506,added to $DNKN (longs),2
1507,Bears Take a Clear Near Term Advantage,0
1508,TOP 5 STOCK PICKS,2
1509,People still coming in his EOD could be explosive shorts get caught,2
1510,< Money-Losing$ OverValued China IPO Junk,0
1511,Bigger win for,2
1512,"honestly, it's been disappointing",0
1513,over 225 million new Internet users are being added globally every year,2
1514,Grab it while it's cheap,2
1515,adding $expe and $pcln to the mix soon I already have $CTRP and $trip,2
1516,Short Setups Looking Nice....Really Nice,0
1517,t's time to short at this point,0
1518,today aside setting up for another drop Overvalued sector,0
1519,the most trending,2
1520,bail out,2
1521,$TSLA is the only 'auto' stock showing a gain year-to-date,0
1522,ready to break $QCOM watching at 55.7,2
1523,bearish charts keep getting worse.,0
1524,making all kinds of gains ????,2
1525,looking to add a gold miner and possibly lower pe tech name into close,2
1526,looking weak and possibly ready to 'let go',0
1527,Marriott wins new Starwood deal by raising cash portion of bid,2
1528,Looks like one of the best values #Lithium stocks in the space,2
1529,Watchlist Top Stocks,2
1530,soars pre-market,2
1531,$BBRY smack down looks legitimate $GS $MS are playing ignorant,0
1532,allow for the growing middle class working with,2
1533,Will we see $410 again,2
1534,Bricks and Mortar retailers selling cheaper +consumer -retailers,0
1535,Oil To Break Out Adding Chevron,2
1536,under $2 today?,0
1537,Falls 18% Pre-Market on Q3 Sales Results,0
1538,growing customers globally e stay long,2
1539,Little-Discussed Problem This Pro Is Watching At,0
1540,an upward movement is expected,2
1541,Market seems stuck in the mud,0
1542,will get in on the next run up,2
1543,Fed cuts rates forecast Our calls go 100%,2
1544,Buy the dip',2
1545,next year could be a very good year for them would like to start adding soon,2
1546,Stock Trading Lower Today  Warning After Upbeat Earnings Results,0
1547,bear raid,0
1548,curing #overbought conditions,0
1549,Launch Updated Model S With Steeper Price Tag,2
1550,getting kneecapped by $BEXP selling itself dirt cheap,0
1551,$AMZN is becoming more and more the go-to site for almost all categories in ecommerce.,2
1552,Alibaba invests in Southeast Asian retailer Lazada $EFUT,1
1553,getting sold here.,0
1554,the most trending,2
1555,$AAPL could pick em up too.,2
1556,Higher In Afternoon Trade Buy Point,2
1557,$AAPL a new long IF 110.61 is broke,2
1558,puts came in,0
1559,record number of passengers served in 2015,2
1560,ure has lots of attractive suitors,2
1561,delivering the goods again let's see if that can spill over in other chinese internet names,2
1562,on lows down,0
1563,could be lotto winners,2
1564,Buy the dip',2
1565,A good place to take a shot,2
1566,5 Reasons Not to Buy Gold,0
1567,In oversold conditions howing now nice positive divergences on chart Potential Bounce,2
1568,stocks at support w/ high trade quality,2
1569,Buying $fas last week was the play of the month Wish i woulda pulled the trigger,2
1570,Slow bleeding death It will likely be a horror show event,0
1571,SolarCity customers can produce enough electricity to power Tesla fleet,2
1572,$YHOO bidding heats up,2
1573,Nice day rally!,2
1574,"Sector has been taking a beating recently, could be positive here will catch a bid today",2
1575,Gevoâ€™s Alcohol to Jet Fuel Now Eligible to be Used for Commercial Flight,2
1576,downgrade,0
1577,BMW entering into ride-share market with i3,2
1578,hope kog shorters learned a lesson dont mess with this bear,2
1579,has a 42.71% Float Short. Lo http://stks.co/e0DfP,0
1580,interest level has skyrocketed here the last two week,2
1581,new PM high,2
1582,Nice day rally!,2
1583,long on,2
1584,333.0% increased bullish conversations,2
1585,Accumulating,0
1586,Stochastic Overbought,0
1587,Daily Mail And General Trust eyeing Yahoo!,2
1588,received a Buy rating from Wells Fargo,2
1589,taking a small chill pill today,0
1590,Five Stocks that Helped Starboard Valueâ€™s Equity Portfolio Return 6.5% in Q1,2
1591,companies shld be worried about iCloud,0
1592,Sector Stocks Leading Today,2
1593,held the trend line,2
1594,Multi-year stock breakouts,2
1595,Moved Upper Bollinger Band,2
1596,Five Stocks that Helped Starboard Valueâ€™s Equity Portfolio Return 6.5% in Q1,2
1597,Miles beyond the competition,2
1598,Slips on Downgrade,0
1599,add in,2
1600,Buy the dip',2
1601,Price experiencing early rejection,0
1602,In Play Longs,2
1603,Will be adding on dips,2
1604,Moved Upper Bollinger Band,2
1605,Yahoo extends bidding deadline as interest grows,2
1606,Sold some $TSLA Puts this morning,0
1607,Top holdings,2
1608,short,0
1609,will close below  monday will be freewater fall,0
1610,famous lunch hour fade down routine rise later in the day,2
1611,$AAPL +1.44%,2
1612,weak hands being flushed from metals and miners Fear selling Guess who is buying? Mr Greed.,2
1613,Can make HOD LONGS,2
1614,13F Shows New Stakes in ,2
1615,Omg OMG so excited!!!!,2
1616,Stay long,2
1617,I hope it gets resolved to the upside,2
1618,Best outperformers ranked,2
1619,shorts are trapped,2
1620,they want the stock too keep going up,0
1621,what's a great move still hold it since back in at the day before yesterday Marry Christmas:-),2
1622,No edge offered,2
1623,"goes deep into #machinelearning and #AI territory with its new $125,000 supercomputer",2
1624,$CHK +13.56%,2
1625,Slips on Downgrade,0
1626,Same sellers we saw yesterday,0
1627,,2
1628,No need for $FB at all unless you want your content censored,0
1629,Ross Stores Upgraded to Outperform at RBC Capital Markets,2
1630,upgraded,2
1631,mrkt needs to washout,0
1632,LONGS,2
1633,downgraded to Neutral at Wedbush PT Lowered to,0
1634,Long tech calls,2
1635,$TFM will have a way to go price wise to compete,0
1636,Nice day rally!,2
1637,$SQNS drops to $5.15,2
1638,soars pre-market,2
1639,China February Retail Sales: E-Commerce Remains Resilient,2
1640,Double bottom with handle buy point,2
1641,Torture.......,0
1642,high-flyers have been falling,0
1643,trails $MSFT $ORCL $GOOG $CRM $ADBE,2
1644,Quality Stocks With High Cash Returns,2
1645,running again,2
1646,don't look for a dividend at the Feb Shareholders meeting,0
1647,make a ton of money,2
1648,Unusual Call Activity,2
1649,breaks major support,0
1650,in the $3s,1
1651,Sanofi often on the wrong end of business.,0
1652,OPENING BUYER Calls,2
1653,Notable gainers among liquid option names this morning,2
1654,Receives a Sell from Compass Point,0
1655,,1
1656,still have positive market bias Sharp Rally In Low-Quality Stocks Points To Ongoing Market Gains,2
1657,Stochastic Overbought,0
1658,Earnings will drive stock prices,2
1659,Why The Coal & Shipping Sectors Could Rise Again,2
1660,long,2
1661,anyone long before the flush please accept my condolences Congrats. to all that were short,0
1662,thinking that last entry was good but needs a push,2
1663,no position,0
1664,waiting for price to enter buy/support zone strong support,2
1665,downgrade,0
1666,gotta hold,2
1667,still in massive weekly & monthly uptrend,2
1668,Aggressive Buy,2
1669,keeps Outperform rated,2
1670,Stochastic Overbought,0
1671,Good to load up Be confident,2
1672,Worst performers today  $RIG -13%,0
1673,Insiders Are Selling,0
1674,Pie In The Sky,2
1675,Small caps threatening descending triangle breakdown,0
1676,Amazon has been selling surveillance cameras infected with malware,0
1677,$HTZ lower,0
1678,Don't hang your bull hat yet Next week we will pop higher,2
1679,Alphabet Inc was just upgraded to buy,2
1680,Today I bought more,2
1681,brings upscale concept,2
1682,looking for a sharp move up in equities,2
1683,I'm betting over 52%,0
1684,careful can reverse fast,0
1685,#OwnItDon'tTradeIt,2
1686,TOP 5 STOCK PICKS,2
1687,Major skin in the game...positive.,2
1688,100.0% increased bearish conversations,0
1689,"Another Sell Rating, Sell Rating",0
1690,sold today,0
1691,Buy Call!,2
1692,Long buying point,2
1693,UPGRADE today by MS to overweight Excellent company and leadership,2
1694,Buy the dip',2
1695,So both call/put buyers are crushed,0
1696,Buy stop above 80,2
1697,Airplane And Hospitality Industries Set Their Sights On #Cuba,2
1698,nice bounce,2
1699,overbought,0
0,Putting on a little $F short,0
1,short some,0
2,buying opportunity,2
3,Scaling Up on Long Position,2
4,its time to sell banks,0
5,Entering long,2
6,picked some up,2
7,time to accumulate for a long position far more upside than downside,2
8,Buying $SBUX on dip,2
9,is a short below 740 and is overbought,0
