Word,Index
liches,400000
toslink,400001
adhunik,400002
badb,400003
causae,400004
silvae,400005
"9,065",400006
gruyères,400007
gas-electric,400008
syro-palestinian,400009
kavirajamarga,400010
intereference,400011
alesso,400012
excubitors,400013
3.,400014
computacenter,400015
ocado,400016
subiya,400017
schwartau,400018
kurbsky,400019
rockwool,400020
"3,703",400021
co-receptors,400022
meschin,400023
non-tonal,400024
mamaea,400025
hutsuls,400026
himanen,400027
utraquist,400028
fées,400029
point-based,400030
mria,400031
csfs,400032
roughening,400033
extended-release,400034
vandivier,400035
ipho,400036
stortorget,400037
elymians,400038
resistenza,400039
tier-one,400040
sattriya,400041
dublin-born,400042
nampower,400043
saṃsāra,400044
reşit,400045
iraq-iran,400046
"4,031",400047
efnet,400048
manau,400049
fluhrer,400050
131i,400051
nepstad,400052
blagojević,400053
prayas,400054
henries,400055
german-trained,400056
ragno,400057
allotey,400058
eggebrecht,400059
yaverland,400060
anti-angiogenic,400061
loingsech,400062
admi,400063
trochophore,400064
rasulid,400065
creación,400066
intellivoice,400067
interdicts,400068
francolini,400069
governor-generalship,400070
4-person,400071
ccl4,400072
akaishi,400073
goldkette,400074
japanning,400075
20/30,400076
then-fashionable,400077
skynner,400078
nienor,400079
javadoc,400080
avrocar,400081
half-point,400082
munkács,400083
bôcher,400084
jetboat,400085
anekāntavāda,400086
lefanu,400087
südfriedhof,400088
"801,000",400089
germain-en-laye,400090
issueless,400091
alterity,400092
bowl-winning,400093
yehi,400094
salmasius,400095
tupinambá,400096
dual-control,400097
ptj,400098
cross-linguistic,400099
greimas,400100
pro-english,400101
motoori,400102
herf,400103
63.39,400104
kerben,400105
huelskamp,400106
egami,400107
uroševac,400108
embriaco,400109
+31,400110
rm31,400111
keluarga,400112
zhī,400113
taizan,400114
norbiton,400115
a308,400116
venkatappa,400117
devanahalli,400118
gamaka,400119
trend-setter,400120
hydronephrosis,400121
weikhard,400122
nankeen,400123
sudhana,400124
nenita,400125
basantapur,400126
taleju,400127
tagen,400128
camie,400129
litunga,400130
yarim,400131
olšany,400132
kowtows,400133
distros,400134
churlishness,400135
apriori,400136
fettingite,400137
musees,400138
antiandrogenic,400139
leavelle,400140
racon,400141
golas,400142
then-colonel,400143
tautvilas,400144
sperrle,400145
long-extinct,400146
pactolus,400147
hypoid,400148
228.1,400149
procumbent,400150
pandects,400151
elac,400152
dibbell,400153
viticulturists,400154
broad-band,400155
tynagh,400156
all-eastern,400157
wallbank,400158
marisco,400159
poskrebyshev,400160
godes,400161
dentals,400162
fire-damaged,400163
saffran,400164
badby,400165
"5,365",400166
beumer,400167
"4,6",400168
nussdorf,400169
msomi,400170
gris-gris,400171
non-geographical,400172
ethinyl,400173
pinene,400174
pulchellum,400175
kabary,400176
periférico,400177
tureaud,400178
magnesium-rich,400179
labradorite,400180
colonizations,400181
manglish,400182
qim,400183
iads,400184
juemin,400185
devota,400186
uliastai,400187
tsedenbal,400188
tan-tan,400189
bazaruto,400190
segurança,400191
garip,400192
phenomenologists,400193
genshin,400194
kusarigama,400195
ōshū,400196
cnms,400197
karbis,400198
vahanian,400199
isy,400200
mukuru,400201
"3,879",400202
alterable,400203
frequently-used,400204
716.5,400205
"4,717",400206
hypsodont,400207
mojmír,400208
cappuccini,400209
hengduan,400210
cbs/sony,400211
blown-up,400212
endemicity,400213
asalah,400214
ziara,400215
melghat,400216
phase-i,400217
kolhatkar,400218
imaginationland,400219
ljudski,400220
grahovac,400221
holdeman,400222
cambion,400223
merda,400224
mattinson,400225
merwan,400226
caneghem,400227
arch-enemies,400228
anti-alcohol,400229
saxe-merseburg,400230
problem-oriented,400231
vorbarra,400232
gunnera,400233
nord-ouest,400234
mourelle,400235
odessey,400236
vanette,400237
f-104a,400238
huckstering,400239
proca,400240
cold-tolerant,400241
"6,819",400242
"10,380",400243
jay-jay,400244
abam,400245
e.a.t.,400246
cubagua,400247
nerites,400248
swartland,400249
"8,670",400250
u/c,400251
appletons,400252
esomeprazole,400253
interest-based,400254
mckersie,400255
amatol,400256
1994-2005,400257
otmoor,400258
falaj,400259
74.87,400260
reinicke,400261
schönhausen,400262
awamori,400263
umbrella-like,400264
ponzo,400265
cacofonix,400266
organozinc,400267
womanizers,400268
staminode,400269
takoyaki,400270
malades,400271
port-la-joye,400272
219.9,400273
yabus,400274
jáchymov,400275
crosscutters,400276
havelka,400277
dictador,400278
1.293,400279
fcca,400280
66.27,400281
53-mile,400282
arlow,400283
tithings,400284
proth,400285
quadrillions,400286
skewes,400287
blokus,400288
"4,387",400289
experiencers,400290
jurisprudent,400291
carcere,400292
apostolatus,400293
pontificatus,400294
84.98,400295
shot-for-shot,400296
pivovar,400297
žatec,400298
sperlonga,400299
weissach,400300
xiaobao,400301
unseemliness,400302
ridging,400303
wyborowa,400304
platydemus,400305
palliata,400306
bibiena,400307
soragna,400308
filipowicz,400309
laniarius,400310
bóbr,400311
monodon,400312
proprotein,400313
semi-cursive,400314
elétrico,400315
nordbahnhof,400316
half-scale,400317
domela,400318
rarin,400319
five-factor,400320
modbus,400321
taymiyya,400322
rippert,400323
warthegau,400324
southpointe,400325
diamox,400326
diabatic,400327
4822,400328
b.litt,400329
speedrun,400330
irritans,400331
români,400332
sepia-toned,400333
self-archiving,400334
natel,400335
niccoli,400336
straja,400337
bugesera,400338
antix,400339
agvs,400340
robota,400341
zyvex,400342
heek,400343
hla-dr,400344
third-biggest,400345
pullup,400346
doto,400347
20h,400348
fourpence,400349
rosenfeldt,400350
dyble,400351
four-hand,400352
coys,400353
nhq,400354
furtiva,400355
mocvd,400356
epauletted,400357
244.6,400358
500-m,400359
kenzan,400360
hargus,400361
margeson,400362
sabbatarianism,400363
secura,400364
craig-martin,400365
maresfield,400366
taprobane,400367
woller,400368
kebnekaise,400369
10/3,400370
gaelic-language,400371
deteriorations,400372
schönherr,400373
citp,400374
post-korean,400375
sanluri,400376
shakhas,400377
barths,400378
1.218,400379
mbour,400380
bignona,400381
sœur,400382
rokel,400383
moravske,400384
repa,400385
goriška,400386
ibanda,400387
snookers,400388
samurdhi,400389
tucanos,400390
inkhundla,400391
alawis,400392
caohejing,400393
g42,400394
stamboul,400395
kiro-tv,400396
yecla,400397
peregrination,400398
causatives,400399
us4,400400
dairylea,400401
bénouville,400402
zapato,400403
225-foot,400404
ucs-2,400405
gt-1,400406
ozak,400407
burong,400408
tottel,400409
masashige,400410
gonia,400411
maniakes,400412
gamtoos,400413
khomyakov,400414
lucanamarca,400415
blesbok,400416
texas-oklahoma,400417
sphygmomanometer,400418
mahawangsa,400419
frottage,400420
märsta,400421
sast,400422
bulter,400423
cochain,400424
magnat,400425
r-13,400426
double-teamed,400427
metzelaars,400428
lumpenproletariat,400429
bews,400430
multi-element,400431
premasiri,400432
superband,400433
"40,100",400434
badrutt,400435
kalakkad,400436
srinivasaraghavan,400437
cone-like,400438
ensconce,400439
higher-grade,400440
eurypylus,400441
man-power,400442
"5,144",400443
tejen,400444
kazakhistan,400445
codominium,400446
"921,000",400447
60a,400448
tosafist,400449
defraye,400450
borassus,400451
porcellian,400452
growed,400453
sohaila,400454
30-knot,400455
anthopoulos,400456
then-british,400457
lambrew,400458
karanjia,400459
heisig,400460
altoon,400461
pre-recording,400462
rehang,400463
three-seater,400464
vanaras,400465
dollarize,400466
masanari,400467
wrg,400468
m.a.d.,400469
clodhoppers,400470
liuvigild,400471
"5,642",400472
melattur,400473
bliss-leavitt,400474
köfte,400475
street-corner,400476
grahame-smith,400477
ü-tsang,400478
changchub,400479
paratriathlon,400480
ten-track,400481
apocalypso,400482
texican,400483
baturyn,400484
donnall,400485
europaeum,400486
illis,400487
peap,400488
bukhoro,400489
rashidov,400490
saac,400491
message-oriented,400492
depth-charged,400493
wainio,400494
40-by-40-foot,400495
18-ton,400496
ureteral,400497
myoelectric,400498
tokuno,400499
cadivi,400500
pessl,400501
molero,400502
powered-up,400503
el34,400504
"3,809",400505
daiya,400506
floatable,400507
orsoni,400508
pipilotti,400509
moerman,400510
bunchberry,400511
kerrisdale,400512
photocoagulation,400513
"3,296",400514
zardoz,400515
shikwati,400516
włostowic,400517
lthough,400518
byhalia,400519
walky,400520
proselytise,400521
inner-west,400522
shasu,400523
ibba,400524
cafesjian,400525
matenadaran,400526
z34,400527
378.4,400528
140s,400529
animesh,400530
contado,400531
pratylenchus,400532
varve,400533
hewerdine,400534
ebles,400535
mentalists,400536
2454,400537
nine-storey,400538
schisgal,400539
132-page,400540
flandin,400541
universul,400542
0:3,400543
consus,400544
acidulated,400545
romea,400546
kreuzkirche,400547
neueste,400548
congess,400549
biruta,400550
ragale,400551
baraha,400552
ramanagara,400553
dusshera,400554
bolarum,400555
plafond,400556
1st-3rd,400557
landfair,400558
ferrant,400559
2585,400560
ferdon,400561
communio,400562
supratemporal,400563
veglio,400564
méry,400565
over-capacity,400566
izamal,400567
ogikubo,400568
cerge-ei,400569
vbss,400570
pre-employment,400571
co-regents,400572
epibatidine,400573
oc-192,400574
brendler,400575
crozon,400576
tr4,400577
4hero,400578
tolkachev,400579
kutumba,400580
demonetised,400581
phantasie,400582
chassériau,400583
nußdorf,400584
matlatzinca,400585
anti-ukrainian,400586
90.73,400587
knyszyn,400588
d-20,400589
baleshwar,400590
osbornes,400591
nonribosomal,400592
sobornost,400593
ksour,400594
briarpatch,400595
lindholme,400596
"65,000-ton",400597
dagworth,400598
regidores,400599
82.43,400600
theodoridou,400601
todorovski,400602
hymietown,400603
geheimrat,400604
tracys,400605
zero-coupon,400606
zacisze,400607
beta-galactosidase,400608
welde,400609
fēng,400610
typicon,400611
cross-sell,400612
meria,400613
jolis,400614
"4,514",400615
gramms,400616
liuba,400617
l'indochine,400618
mogilyov,400619
inviable,400620
flevo,400621
birchers,400622
pedicellariae,400623
blastomere,400624
ketti,400625
belevitch,400626
micheldever,400627
shanyue,400628
ss100,400629
foulger,400630
258.9,400631
nationalbanken,400632
johanngeorgenstadt,400633
re-founding,400634
siembieda,400635
dgf,400636
langfuhr,400637
hdu,400638
uvi,400639
block-level,400640
pogy,400641
vitgeft,400642
anniversaire,400643
soul/funk,400644
amongs,400645
gold-medalist,400646
clofazimine,400647
państwowa,400648
mosaicist,400649
gringotts,400650
post-accident,400651
sextette,400652
ruoxi,400653
najaden,400654
huntingtown,400655
fault-block,400656
casabella,400657
pointz,400658
variegatum,400659
panai,400660
armatoloi,400661
montemurro,400662
desafinado,400663
sweepback,400664
"7,000-word",400665
1-68,400666
105-millimeter,400667
supélec,400668
80-km,400669
mergel,400670
mukh,400671
nobutsuna,400672
never-say-die,400673
achewood,400674
bergstresser,400675
thackara,400676
urup,400677
wing-warping,400678
pompeiian,400679
erythnul,400680
wahweap,400681
camin,400682
harberger,400683
gigerenzer,400684
tenkara,400685
doombot,400686
truck-based,400687
wijnaldum,400688
badshahs,400689
e-m81,400690
nickatina,400691
288.4,400692
mucuna,400693
nbrc,400694
eleemosynary,400695
"4,114",400696
bellaigue,400697
allio,400698
teliospores,400699
necrom,400700
gemser,400701
great-granduncle,400702
marlène,400703
syt,400704
margravial,400705
aberdovey,400706
heidenstam,400707
ucita,400708
3720,400709
thrasea,400710
67-2,400711
headoffice,400712
bagaduce,400713
mcluckie,400714
savonian,400715
zhongfa,400716
quadrophonic,400717
afrosoricida,400718
lüscher,400719
peçanha,400720
emília,400721
ysanne,400722
chamfer,400723
featherlike,400724
muscularly,400725
93.83,400726
menaul,400727
wittenstein,400728
haircutters,400729
yvetot,400730
jaec,400731
dariel,400732
trimedia,400733
westonzoyland,400734
tintinhull,400735
horndog,400736
itma,400737
followups,400738
foris,400739
ampico,400740
aguaje,400741
buzet,400742
81-percent,400743
valleycats,400744
vari-lite,400745
argoed,400746
winster,400747
cawte,400748
ramza,400749
masachika,400750
ride-on,400751
evercreech,400752
piyyut,400753
-74,400754
turbostar,400755
adwick,400756
fogal,400757
110km,400758
statira,400759
tchicai,400760
maves,400761
virji,400762
comanchero,400763
wfi,400764
washio,400765
fourth-floor,400766
jassie,400767
kordia,400768
laestadian,400769
stick-up,400770
mclamore,400771
hebo,400772
"4,656",400773
youlan,400774
skud,400775
"17,113",400776
re-chartered,400777
pfäfers,400778
hsinking,400779
alfhild,400780
rlb,400781
holoprosencephaly,400782
serao,400783
"3,796",400784
šalata,400785
lolol,400786
elisi,400787
carmes,400788
puthuppally,400789
kallingal,400790
dannecker,400791
naters,400792
krp,400793
co-holder,400794
northlight,400795
ulriken,400796
r.a.e.c.,400797
over-expressed,400798
phahonyothin,400799
butea,400800
"8,440",400801
đô,400802
frw,400803
apan,400804
sekhukhune,400805
rwigyema,400806
nadym,400807
nogay,400808
indep,400809
hitchiti,400810
jarrettsville,400811
oxe,400812
trivialis,400813
bufe,400814
openvpn,400815
boyson,400816
"6,194",400817
"65,600",400818
yordanka,400819
dzongs,400820
hochland,400821
vgo,400822
rademakers,400823
delije,400824
kick-boxing,400825
"6,675",400826
"3,847",400827
selles,400828
sieze,400829
postally,400830
polkovnik,400831
nete,400832
ravago,400833
usss,400834
primergy,400835
3080,400836
carmyllie,400837
385.5,400838
jhb,400839
bossier-shreveport,400840
pcps,400841
irada,400842
self-verification,400843
lunula,400844
ncas,400845
lanchang,400846
wataniah,400847
2890,400848
t-neck,400849
aeri,400850
woodpiles,400851
mid-fourteenth,400852
vahsel,400853
cignani,400854
riely,400855
reinflate,400856
bluntman,400857
haislett,400858
wtev,400859
dirce,400860
bugling,400861
princess-abbess,400862
dysert,400863
wwvb,400864
schmetzer,400865
flugtag,400866
får,400867
grisette,400868
mordida,400869
kumaresan,400870
bakoko,400871
crew-member,400872
grönwall,400873
trecartin,400874
a-gps,400875
"10,000-kilometer",400876
chestnut-brown,400877
woiwurrung,400878
motorik,400879
sacrificios,400880
livry,400881
gwinear,400882
planinc,400883
elgood,400884
151-seat,400885
gastroscopy,400886
adalimumab,400887
trenta,400888
sonji,400889
clus,400890
salh,400891
jocs,400892
tataviam,400893
0.076,400894
regularising,400895
umney,400896
yemo,400897
fiber-based,400898
ikia,400899
leiferkus,400900
chikun,400901
cants,400902
votan,400903
.895,400904
sts-131,400905
oppido,400906
sightseeings,400907
nizkor,400908
ancar,400909
a-pillar,400910
jacobe,400911
zijinshan,400912
nadolny,400913
amusa,400914
rase,400915
ladu,400916
meline,400917
olafson,400918
statz,400919
lay-by,400920
koltsevaya,400921
norouzi,400922
titid,400923
troitskaya,400924
nikolskaya,400925
name-the-team,400926
quais,400927
1968-1975,400928
hamakua,400929
wfff,400930
xueming,400931
khui,400932
propagule,400933
watermilfoil,400934
cg-4,400935
piggybank,400936
bhaal,400937
pastene,400938
esla,400939
chewin,400940
teletalk,400941
nerium,400942
actor-singer,400943
counterprogram,400944
scrabster,400945
jurišić,400946
1894-1896,400947
karalius,400948
chamundeshwari,400949
hobli,400950
catostomidae,400951
"184,500",400952
cross-industry,400953
burrum,400954
sr-68,400955
cadent,400956
a9.com,400957
"4,468",400958
wnu,400959
cutsem,400960
yarin,400961
olallie,400962
filburt,400963
zhangzhung,400964
newbuilding,400965
top-loading,400966
yibna,400967
ndume,400968
proctologist,400969
89.88,400970
flaithbertaigh,400971
full-thickness,400972
avil,400973
manix,400974
playmania,400975
towhead,400976
ejō,400977
capossela,400978
lacunar,400979
dijck,400980
ichimonji,400981
89.02,400982
kxol,400983
syberg,400984
dreamhack,400985
77.11,400986
cullmann,400987
rhodiola,400988
berkov,400989
schwing,400990
gilbarco,400991
bulldogging,400992
88-game,400993
"3,619",400994
starns,400995
somei,400996
hlv,400997
livernois,400998
dalwood,400999
"29,792",401000
tied-up,401001
grealis,401002
heffler,401003
veterano,401004
thestor,401005
shinola,401006
vasque,401007
65daysofstatic,401008
s-42,401009
swing-wing,401010
m-42,401011
el2,401012
oxlade-chamberlain,401013
acetoin,401014
burkei,401015
us-189,401016
"5,511",401017
mini-documentary,401018
c-11,401019
rüstow,401020
pierre-andré,401021
cassine,401022
nedbal,401023
waramaug,401024
oquawka,401025
poventud,401026
record-holding,401027
"5,725",401028
gagern,401029
carlsons,401030
351.3,401031
masanao,401032
yogscast,401033
saint-inglevert,401034
salvay,401035
kwgn,401036
cubert,401037
kamenar,401038
abess,401039
norev,401040
cárcel,401041
77.67,401042
ilpo,401043
kazım,401044
thorgal,401045
77.79,401046
charonne,401047
coughran,401048
tvtropolis,401049
ever-shifting,401050
viviendo,401051
decisioning,401052
74.77,401053
macrotis,401054
tyranid,401055
peasley,401056
thick-skinned,401057
saulieu,401058
underbank,401059
92.67,401060
"6,105",401061
daycares,401062
bcms,401063
wieben,401064
helsel,401065
5-k,401066
71.23,401067
obies,401068
"5,215",401069
81.47,401070
1874-1875,401071
75.56,401072
"3,966",401073
woodlee,401074
114.40,401075
jungr,401076
rosefield,401077
"16,563",401078
"3,812",401079
"3,624",401080
"7,085",401081
"30,957",401082
80.07,401083
couth,401084
jennicam,401085
karelitz,401086
untaken,401087
mountrail,401088
"5,592",401089
cramerton,401090
"14,950",401091
sourland,401092
ny/nj,401093
nortonville,401094
tollgates,401095
82.04,401096
"6,397",401097
"28,958",401098
"4,536",401099
gleneagle,401100
93.26,401101
"4,434",401102
83.91,401103
lekan,401104
hornberg,401105
77.94,401106
"6,039",401107
89.33,401108
93.69,401109
"9,315",401110
falealupo,401111
nór,401112
"4,294",401113
marbletown,401114
92.97,401115
02/20,401116
"9,135",401117
"7,645",401118
76.18,401119
aptx,401120
shintech,401121
"5,035",401122
lebleu,401123
o'connells,401124
quinnsworth,401125
dündar,401126
breite,401127
stratonovich,401128
hegyeshalom,401129
bressingham,401130
350.5,401131
262.4,401132
sewells,401133
main-event,401134
tcap,401135
tharus,401136
moistens,401137
jambhala,401138
screenwipe,401139
pachycephala,401140
pambula,401141
turnersville,401142
cybertown,401143
cablesystems,401144
pruritic,401145
belitz,401146
buzzelli,401147
bloatware,401148
ktca,401149
split-brain,401150
yocona,401151
kening,401152
elts,401153
hru,401154
430.5,401155
70.17,401156
"80,000,000",401157
78.11,401158
141.0,401159
o'charley,401160
80.94,401161
hermant,401162
wilkenfeld,401163
75.54,401164
"4,429",401165
hetta,401166
ceretti,401167
86.18,401168
diantha,401169
anscar,401170
rendulic,401171
chauffeur-driven,401172
80.48,401173
275.4,401174
"3,582",401175
298.7,401176
287.9,401177
246.9,401178
193.2,401179
274.4,401180
ktve,401181
"7,315",401182
metavolcanic,401183
237.1,401184
304.3,401185
clinicas,401186
valinda,401187
"7,170",401188
286.2,401189
86.29,401190
86.16,401191
290.7,401192
"4,744",401193
253.1,401194
86.37,401195
"4,667",401196
346.6,401197
"3,427",401198
29-time,401199
326.7,401200
62.94,401201
306.6,401202
poquito,401203
80.47,401204
65.42,401205
voice-activated,401206
pakala,401207
242.3,401208
444.5,401209
feigner,401210
aspland,401211
werling,401212
uslta,401213
barech,401214
greda,401215
kenova,401216
harbeson,401217
blankenbaker,401218
balbirnie,401219
fayal,401220
spicket,401221
xiuning,401222
hapton,401223
67.34,401224
pittville,401225
madisonian,401226
87.32,401227
"20,650",401228
whalan,401229
cafetorium,401230
81.18,401231
earnestine,401232
marionville,401233
frankin,401234
80.87,401235
colstrip,401236
67.88,401237
"4,041",401238
1.571,401239
devinsky,401240
nordeman,401241
level-2,401242
dunfee,401243
dansereau,401244
1.698,401245
3.425,401246
60.17,401247
gulian,401248
2-person,401249
shelp,401250
rangatiratanga,401251
debitage,401252
ryck,401253
mitchellii,401254
morris-jones,401255
kisn,401256
leetonia,401257
hargate,401258
tumey,401259
schulmerich,401260
bentel,401261
richboro,401262
nanty,401263
anderstorp,401264
rhosllannerchrugog,401265
paikin,401266
swetland,401267
sassounian,401268
forksville,401269
"18,136",401270
bicentennials,401271
60.83,401272
secrist,401273
sabran,401274
73.47,401275
94-94,401276
onnie,401277
10-unit,401278
breinholt,401279
nokesville,401280
a&d,401281
poucher,401282
siwash,401283
germanotta,401284
crivitz,401285
all-french,401286
simrall,401287
asperen,401288
barshai,401289
spider-slayer,401290
rhins,401291
1978-9,401292
precrime,401293
hbe,401294
wls-fm,401295
smartened,401296
fourt,401297
lilyan,401298
molek,401299
indal,401300
bramford,401301
israelitische,401302
bivouacking,401303
dabholkar,401304
rosenholm,401305
zonata,401306
zoltar,401307
qvt,401308
dc-9-30,401309
nettlebed,401310
bosendorfer,401311
sutovsky,401312
nohab,401313
veljovic,401314
evar,401315
stantonbury,401316
ischgl,401317
nyc-based,401318
mpoyo,401319
vuko,401320
breznica,401321
543-member,401322
tanaji,401323
smidgeon,401324
pellam,401325
stargrave,401326
tessina,401327
seehausen,401328
manko,401329
gun-brigs,401330
in-the-fields,401331
13-city,401332
shiroma,401333
detemobil,401334
pondsmith,401335
matovina,401336
tuanjie,401337
molinia,401338
sneakiness,401339
kaum,401340
grindall,401341
muv-luv,401342
conne,401343
stellman,401344
rearviewmirror,401345
smth,401346
lelièvre,401347
chelford,401348
piesiewicz,401349
sighişoara,401350
arichat,401351
florescence,401352
pynn,401353
eeu,401354
dahomeyan,401355
burgate,401356
1i,401357
marcognet,401358
bouchout,401359
kreiensen,401360
cleistogamous,401361
appleby-in-westmorland,401362
songful,401363
panchita,401364
o’regan,401365
brennabor,401366
parleyed,401367
sanderford,401368
kargaly,401369
jämsä,401370
l’oréal,401371
chamberlaine,401372
bilanz,401373
p166,401374
harde,401375
vru,401376
subbuteo,401377
amirav,401378
rakeysh,401379
azzara,401380
kenangan,401381
grodzinski,401382
tvp2,401383
dentons,401384
re-activation,401385
neuenstadt,401386
figurs,401387
ncsy,401388
1.5-metre,401389
profs.,401390
chakkraphat,401391
cultrera,401392
bhogle,401393
duranti,401394
yuanzhong,401395
tvd,401396
overexpose,401397
qawmi,401398
dr.med,401399
arki,401400
marshwood,401401
coblence,401402
american-trained,401403
millz,401404
holsteiners,401405
tumsa,401406
laddish,401407
dampa,401408
jinli,401409
sanlian,401410
cloepfil,401411
svartisen,401412
khujo,401413
vrchovina,401414
rožmberk,401415
xiushan,401416
front-drive,401417
cussin,401418
espaço,401419
sophitia,401420
jiuling,401421
kirtanananda,401422
single/ep,401423
dhat,401424
ianno,401425
kauper,401426
h-7,401427
lezard,401428
henley-in-arden,401429
tottle,401430
kqrs,401431
geiteryggen,401432
bilruter,401433
hechtel,401434
jajah,401435
belperron,401436
1960-1965,401437
nuvole,401438
simonett,401439
liona,401440
ffk,401441
saude,401442
bergensbanen,401443
spikkestad,401444
vildanden,401445
agdenes,401446
framnes,401447
saudan,401448
russkies,401449
tsukioka,401450
katsuura,401451
corston,401452
29-degree,401453
nerma,401454
wansleben,401455
rupak,401456
brache,401457
deninger,401458
genteelly,401459
carsberg,401460
ramsays,401461
galić,401462
pasayat,401463
oshu,401464
t-box,401465
2005a,401466
eroğlu,401467
600-person,401468
rotsee,401469
1.4-litre,401470
ameijeiras,401471
kagawads,401472
adag,401473
luuq,401474
kilise,401475
fogwell,401476
anhu,401477
pillayar,401478
numaligarh,401479
dghc,401480
fischhoff,401481
vertefeuille,401482
basílio,401483
túlio,401484
luizinho,401485
al-khor,401486
qrc,401487
nipe,401488
schnepp,401489
grandpappy,401490
matsura,401491
gcac,401492
47-48,401493
bluemountain.com,401494
layson,401495
fit-out,401496
whiplike,401497
breakfront,401498
azərbaycan,401499
loughmoe,401500
neukomm,401501
salee,401502
ex-lovers,401503
nihongo,401504
frigging,401505
nasonov,401506
artamidae,401507
ifu,401508
poults,401509
comptuex,401510
mandarava,401511
lhunpo,401512
nakagusuku,401513
thahir,401514
sangit,401515
klussmann,401516
holta,401517
sóc,401518
hergenröther,401519
shuma,401520
moirang,401521
multi-fight,401522
issie,401523
kessiakoff,401524
umgungundlovu,401525
dombroski,401526
133.40,401527
jacarandas,401528
reshid,401529
solenogasters,401530
plastiques,401531
videodisk,401532
oplev,401533
wolowitz,401534
sgma,401535
gubernat,401536
12-bottle,401537
wholetime,401538
neals,401539
50-51,401540
o'dare,401541
buddenbrock,401542
microdyne,401543
71-26,401544
lixouri,401545
mahathat,401546
valdagno,401547
elisavet,401548
casnoff,401549
heroico,401550
76-57,401551
pompignan,401552
falch,401553
fjetland,401554
greaseman,401555
višnja,401556
2706,401557
krinkie,401558
homberger,401559
poppi,401560
fukue,401561
coolin,401562
flossenbuerg,401563
matsueda,401564
rc211v,401565
1-in-100,401566
moshin,401567
juquila,401568
nishnawbe,401569
nemser,401570
ravindranath,401571
kaadu,401572
sivamani,401573
vinnaithaandi,401574
bharya,401575
baggier,401576
herisau,401577
chungmu,401578
patapievici,401579
senesh,401580
sooraya,401581
rouss,401582
bithell,401583
going-to-the-sun,401584
mvpa,401585
chernetsky,401586
kegon,401587
anable,401588
jiasian,401589
mrkalj,401590
pirat,401591
hinderaker,401592
bürglen,401593
shravasti,401594
sampurnanand,401595
gartel,401596
bitterling,401597
122.45,401598
rybnikov,401599
huden,401600
superbank,401601
bulyea,401602
gache,401603
kekayas,401604
hars,401605
mullendore,401606
vory,401607
22g,401608
zollernalbkreis,401609
kloos,401610
lontong,401611
###,401612
rizki,401613
deboo,401614
basestars,401615
etal,401616
banditism,401617
disbrowe,401618
murdostoun,401619
gwal,401620
meisenheimer,401621
denistone,401622
1932-1935,401623
wdw,401624
vilkkumaa,401625
pohjonen,401626
estorick,401627
2435,401628
suitemate,401629
rezident,401630
plange,401631
levack,401632
forficulina,401633
cheape,401634
pinarello,401635
tarutao,401636
sister-station,401637
tarnogród,401638
wmnf,401639
parameshwari,401640
merrells,401641
shenda,401642
bcsc,401643
scourfield,401644
rachlis,401645
candesartan,401646
bayombong,401647
kouma,401648
mahō,401649
headress,401650
ibfc,401651
kobita,401652
dinalupihan,401653
pantabangan,401654
p800,401655
irosin,401656
260-mile,401657
caab,401658
víkar,401659
morvich,401660
nasella,401661
halh,401662
hesse-philippsthal-barchfeld,401663
briber,401664
all-kill,401665
sdg&e,401666
bagre,401667
rxc5,401668
fermatta,401669
eiderdown,401670
m6a,401671
sunal,401672
clickstream,401673
valas,401674
voytek,401675
mcdm,401676
lectularius,401677
erkang,401678
panaad,401679
maricar,401680
lcme,401681
adolfs,401682
1963-69,401683
witkop,401684
marije,401685
webshow,401686
chomiak,401687
schneidman,401688
allevard,401689
zilliacus,401690
srikantha,401691
devasahayam,401692
asika,401693
ponneri,401694
v-battalion,401695
guinto,401696
mkrtich,401697
eucommia,401698
ladar,401699
men1,401700
cribellate,401701
ibragimova,401702
naraghi,401703
.428,401704
delayering,401705
wilchcombe,401706
tarino,401707
",763",401708
bager,401709
jarak,401710
raic,401711
shuu,401712
hammels,401713
qazis,401714
dntel,401715
bja,401716
punzalan,401717
coki,401718
lockbaum,401719
nakina,401720
edwardsi,401721
usapa,401722
jókai,401723
exercice,401724
nightmask,401725
luthe,401726
gyeongsan,401727
winair,401728
enping,401729
suski,401730
anangpal,401731
singhana,401732
weisbuch,401733
aronin,401734
shuinan,401735
jobey,401736
bardai,401737
passagers,401738
o'mahonys,401739
kiamba,401740
grotnes,401741
undiplomatically,401742
vasović,401743
šaper,401744
longyou,401745
lcia,401746
vuoi,401747
tavčar,401748
fardell,401749
nurc,401750
sauzal,401751
gousmi,401752
numbskulls,401753
visalakshi,401754
lieserl,401755
ulundurpet,401756
arpita,401757
whirlow,401758
wanz,401759
t22,401760
slann,401761
kunimoto,401762
altares,401763
cipolletti,401764
sherwoods,401765
sullana,401766
29km,401767
sigarms,401768
katuna,401769
aqm,401770
1.3775,401771
corythosaurus,401772
chanty,401773
kronik,401774
rolonda,401775
zsombor,401776
sandberger,401777
